name	component	tier	agent_liveness	purpose	evidence
BenchValue	draft	seasonal	live	Measures what this league's real rounds 8-16 picks returned over the waiver wire, floored at zero, by band/position; supplies bench base rates to the draft-night tools.	Called in code by DraftNight.java:50 ('BenchValue.overWireByPosition(configuration)') and :130, Draft2026.java:64, StarterRisk.java:123, StashValue.java:43 ('BenchValue.gather(configuration)'); DraftNight/Draft2026 are the RUNBOOK 'During the draft' tools. MODEL.md:5305-5409, DRAFT-READY.md:258.
BoardSanity	draft	diagnostic	diagnostic	Pre-draft stale-data check: flags players whose projection and ADP disagree violently.	README.md:19 and DRAFT-READY.md:69 give the run command; DIAGNOSTIC.md:313 quotes '161 men rank-checked, nothing violently inconsistent'. Not in RUNBOOK's 'Before the draft' list (AdpSnapshot, smokeTest, KeeperAudit, DraftNight only); no callers.
BoardValue	draft	seasonal	live	The board model: marginal lineup points from empirical rank curves joined with survival, roster state and the MOST position caps; its main is the one-season backtest and it is the library LiveBoard/TeamRankings/TradeMarket/LeagueConsole run on.	LiveBoard.java:398 ('BoardValue.MOST.getOrDefault(position, 99)') and :415 ('BoardValue.empirical(held, pools, curve, order.size(), true)'); imported by LeagueConsole, TradeMarket, TeamRankings, TuesdaySwap-adjacent RosterRules; MODEL.md:7 'board model (LiveBoard/BoardValue.oneSeason)'; DRAFT-READY.md:169,186,504.
CycleTiming	draft	diagnostic	diagnostic	Times one Draft2026 cycle with output swallowed on the fixed first-six-picks 2026 board.	RUNBOOK.md:198 'each pick after that costs about 27s ... measured by CycleTiming on the first six picks'; DRAFT-READY.md:590; TRAPS.md:363; DIAGNOSTIC.md:476. Named in OneWarmUpTest LIVE_PATH list; not a run-me command in RUNBOOK.
Draft2026	draft	seasonal	live	The one draft-night screen: warms both engines once and prints Model A plus the board model side by side for rounds 1-7, the board model alone for 8-16.	RUNBOOK.md:217 "The live tool is `./gradlew run -Pmain=Draft2026 -Pkeepers=Tuten,Purdy -q`"; RUNBOOK.md:229; README.md:38 names it as the replacement for SleeperLiveDraft. Draft-night section is marked done (RUNBOOK.md:160).
DraftNight	draft	seasonal	live	Draft-night console that warms the engine once and re-answers on enter: uncached live board, committee vote, wait-or-take table; rounds 8-9 print measured base rates.	RUNBOOK.md:177 "./gradlew run -Pmain=DraftNight # warms the engine, then holds it open"; RUNBOOK.md:191,220. Draft2026.java:163 "It calls DraftNight.answer". Tests: LateRoundToolTest, PickTradeTest, ScheduleDriftTest, CycleSurvivesAFailureTest.
DraftPlanner	draft	seasonal	live	Model A: expectimax over positions at each of my picks with DraftSimulator rollouts, best-legal-nine objective, rounds 1-7 only.	RUNBOOK.md:222 "(`DraftPlanner` alone is Model A's nine-round planner, not a live tool" — but it is the engine Draft2026/DraftNight call (Draft2026.java, DraftNight.java import it; javadoc DraftPlanner.java:265 "DraftNight:131 says the same thing at the table"). README.md:32-33 lists it. Tests: DraftPlannerTest, DraftPlannerSmokeTest, ModelAScheduleTest.
DraftSimulator	draft	seasonal	live	Full drafts sampled from the fitted selection model through the league's real serpentine order with keeper slots skipped; the rollout engine under every planner.	Called by Draft2026, DraftNight, DraftPlanner, LiveBoard, LiveCommittee, LiveLateRounds (grep src/main/java). Doc references DIAGNOSTIC.md:330 "(`DraftSimulator.floors()`", TRAPS.md:118,384. Tests: DraftSimulatorTest, DraftSimulatorSmokeTest, RosterNeedTest, SoftFloorTest.
HumanStrategy	draft	archive	stray	Fixed position-order drafting strategy for the old SimulationDraft; main() calls nonPermutedPositions(1,3,5,1) and prints nothing.	No reference in any root doc. Code callers are KeeperChooser.java:271/281 (nonPermutedPositions), SimulationDraft.java and SleeperLiveDraft.java - README.md:38 marks SleeperLiveDraft 'superseded by Draft2026', and KeeperChooser is off the live path (its eligibleCandidates replaced by NextYearKeepers.forThisLeague per TRAPS.md:1394 / LeagueConsole.java:506). main() has no output at all.
LateRoundValue	draft	diagnostic	diagnostic	Outcome-measured base rates for late picks: backup-skill points over the wire (BenchValue) and drafted defence vs streaming (DefenceVersusDepth); QB stashes hit 41%.	RUNBOOK.md:370 (draft-night 'Rounds 8-16' section: 'LateRoundValue puts late QBs startable the following year 41% of the time'), TRAPS.md:554 (DEF_WORST_BAND), MODEL.md:4940. DraftNight.java:261 only quotes it in a printed string; BenchValue.java:24 is a comment.
LateSurvival	draft	diagnostic	diagnostic	Runs the fitted board out to round 16 and records which stash targets are still available at each of my picks (the 127 -> 162 gap).	RUNBOOK.md:377 in the draft-night section presents its table ('LateSurvival runs the board to round 16 ...') but not as a command to run; the section's run command is LiveLateRounds (RUNBOOK.md:325). Only code caller is the superseded LateWaitOrTake.
LateWaitOrTake	draft	archive	stray	Rounds 8-16 combiner: StashValue (this season + keeper base rate) times LateSurvival's P(gone) gives expected loss from waiting.	RUNBOOK.md:357 '**Superseded:** LateWaitOrTake - same idea, weaker value model.' No other doc reference; no code callers.
LiveBoard	draft	seasonal	live	The board model at the table: prices every legal candidate on the live board by marginal lineup points over 600 drawn worlds, plus wait odds to the next pick.	Called by Draft2026.java and DraftNight.java, the RUNBOOK draft-night tools (RUNBOOK.md:217 'The live tool is ./gradlew run -Pmain=Draft2026', :220 DraftNight). DIAGNOSTIC.md:160 'LiveBoard.answer, and Draft2026 around it'; DRAFT-READY.md:196; MODEL.md:7.
LiveCommittee	draft	seasonal	live	Runs four engines (lookahead-2, lookahead-1, hindsight, vorp-greedy) on the live board from one state and reports agreement or a contested pick.	DRAFT-CARD.md:10 './gradlew run -Pmain=LiveCommittee'; called by DraftNight.java:122 ('LiveCommittee.vote(timing, planner, simulator, state, roster, rollouts, scenarios)') and Draft2026.java:121/136 (lastVote into VerdictLine.together). TRAPS.md:144 #33.
LiveDraft	draft	seasonal	live	Reads the live Sleeper board (livePicks/livePickOwners/freeze), replays it into the simulator and recommends the next pick by depth-2 lookahead (Component F).	Its helpers are on the live path: DraftNight.java:90 'List<String> taken = LiveDraft.livePicks(draftID);', :99 livePickOwners; LiveLateRounds.java:53 livePicks; Draft2026.java:112 'LiveDraft.freeze(draftID)'. DRAFT-READY.md:333 'LiveDraft.livePicks drops keeper picks'; MODEL.md:1687. Its own main is not the RUNBOOK command (Draft2026/DraftNight are).
LiveInsurance	draft	archive	diagnostic	Model B live: once the starting nine is full, values each bench candidate by promotion chance from fog draws minus the wire, with Draft Sharks injury deviation.	MODEL.md:2192/2224 ('rounds 8-9 -> LiveInsurance, rounds 10+ -> LateRoundTargets') and :2536 (the STARTS = 0% finding). RUNBOOK.md:221/325 routes rounds 8+ to LiveLateRounds instead. No code caller invokes it - RosterValue.java:11, WeeklyActuals.java:15, StarterSumCheck.java:13/121, InsuranceTest.java:40 are comments/strings.
LiveLateRounds	draft	seasonal	live	Rounds 8-16 live pricer: V(roster + him) - V(roster) on WeeklyStarterValue for the best available at each position, times survival to the next pick.	RUNBOOK.md:221 fallback ladder ('./gradlew run -Pmain=LiveLateRounds -Pkeepers=Tuten,Purdy -q for rounds 8+') and :325 ('At each pick from round 8 on, run the live late-rounds tool: ./gradlew run -Pmain=LiveLateRounds -PdraftId=<id>'); DRAFT-READY.md:109. Called by Draft2026.java, DraftNight.java.
PairwiseOdds	draft	seasonal	live	P(later-drafted man outscores earlier, same position): isotonic + log-smooth strength curve fitted on nflverse pairs held out by season; also supplies the Man list and CAP the live board draws on.	LiveSetup.java:78 'PairwiseOdds.nflverseMen(wider, order)' feeding Draft2026 (RUNBOOK.md:217); DryRun.java:34. DRAFT-READY.md:110 run line 'wait odds'; TRAPS.md:167 PairwiseOdds.CAP; RESEARCH-PLAN.md:332-334.
PolicyTournament	draft	seasonal	live	Races pick-selection policies for my seat in one shared game; forLiveArbitration/RankingSelection is the arbiter the live committee runs on draft night.	LiveCommittee.java:272,345-347 'PolicyTournament.forLiveArbitration' / 'tournament.new RankingSelection'; LiveCommittee is used by DraftNight and Draft2026 (RUNBOOK.md:177-220). MODEL.md:688,1618; TRAPS.md:164.
PositionPredictability	draft	seasonal	live	Within-position rank correlation of preseason board vs season outcome; reliability() is the trust coefficient the 16-round objective shrinks with.	TrustCoefficient.java:229 and Draft16.java:57 call 'PositionPredictability.reliability()'; MODEL.md:4505 discusses it as the shipped trust statistic. Callers also CrossoverTable, MarginalTrace, ObjectiveAudit, PredictabilityProfile, PolicyBacktest. Live only via the 16-round RiskDiscountedValue path (Draft16), so borderline - diagnostic if that schedule is not run.
PreFlight	draft	seasonal	live	Reads Sleeper live and checks the tool is pointed at tonight's draft: right draft id, status, settings, 14 seats, 24 keepers.	DRAFT-READY.md:58 and README.md:18 run line; DIAGNOSTIC.md:312 'ALL CLEAR' output. LiveSetup.java:18 mentions it only in a comment (no PreFlight. call). Not named in RUNBOOK.md's draft-night section - live on the strength of DRAFT-READY's pre-draft checklist; draft-night only.
RosterRules	draft	seasonal	live	Single authority on legal Justin rosters and pick cost: a Roster type that refuses illegal picks, ceilings derived from the live Sleeper lineup.	Called by LiveBoard.java:206 `RosterRules rules = RosterRules.live();` and :988, which DraftNight/Draft2026 (RUNBOOK 'During the draft') run on; also DryRun, PlanBacktest, KeeperSlateImpact, SeatPlan, LivePathStress. DIAGNOSTIC.md:152; TRAPS.md:311,1341.
SeatPlan	draft	archive	stray	Pre-draft table of what the model expects at each of Justin's fourteen seats, to eyeball the shape and gaps (the 35-pick wait at 127-162).	No reference in any root doc; no callers in src/main/java. Depends on LiveBoard, LiveDraft, LiveSetup, RosterRules.
SelectionModel	draft	seasonal	live	Conditional-logit room model P(manager takes player | board, roster); fitShipped() is the single definition every simulator and planner draws from. Its own main is a 2021-2024 fit / 2025 held-out test.	Called by DraftNight, LiveLateRounds, LiveBoard (via DraftSimulator), KeeperPlan, DraftPlanner, LateWaitOrTake, LateSurvival — DraftNight/LiveLateRounds/KeeperPlan named in RUNBOOK draft-night section. MODEL.md:131,456 ('now all flow through SelectionModel.fitShipped()').
SleeperLiveDraft	draft	archive	stray	Older draft-day advice: reads live picks (uncached) and runs 300 on-the-fly simulations per pick.	README.md:38 `# older draft-day advice; superseded by Draft2026 above`; MODEL.md:46,873 historical. Only code reference is DraftProgress.java:4 javadoc ('Pulled out of SleeperLiveDraft's main'); no method calls elsewhere.
StarterRisk	draft	archive	diagnostic	Is my starting nine more injury-exposed than an average nine, per position, as a multiplier on the bench base rate?	RUNBOOK.md:414 (draft-night section, marked done) '`StarterRisk` puts this nine at 0.90x the injury exposure'. DraftNight.java:248 only quotes it in a printed string ('StarterRisk says my nine are 0.90x'), does not call it.
StashValue	draft	diagnostic	diagnostic	One model for rounds 8-16: value = max(0, this season - wire) + max(0, next season - wire - price of round-R pick), from five seasons of league picks.	RUNBOOK.md:303 (section 'Rounds 8-16 - one model, both halves of the value', inside the done draft-night part) '`StashValue` prices every pick from 8 to 16 as one sum'. Called by LateWaitOrTake.java:62 (youthMultiplier) which RUNBOOK.md:357 marks '**Superseded:** `LateWaitOrTake`', and by KeeperOrigin. Not in the in-season loop.
TightEndWait	draft	archive	stray	Can I wait on a tight end this year: teams already holding a TE, projection vs market price, survival curve per seat, cost of waiting.	No reference in any root doc; no callers in src/main/java. Built 85d6637 2026-09-01 for a draft-night question that is now past.
TimingPlanner	draft	seasonal	live	Full-rules planner: (qbAt x teAt) timing heads over nine live picks, other picks chosen live by roster-aware VORP; incumbents re-priced paired on fresh seeds.	MODEL.md:903 '1. TimingPlanner: (QB round x TE round) heads + roster-aware VORP fill'. Constructed by DraftNight.java:46 'new TimingPlanner(planner)' (DraftNight named 3x in RUNBOOK draft-night section), Draft2026.java:61, LiveCommittee.java:45, WaitCheck.java.
Tomorrow	draft	archive	live	One draft-night screen: the committed plan per round, LiveBoard's opinion, and PairwiseOdds' cost of waiting.	Not named in any root doc. LiveBoard.java:218 'Tomorrow.PLAN.getOrDefault(round, "-")' reads its PLAN table, and LiveBoard backs DraftNight (RUNBOOK draft-night section, marked done). Live only through that constant; draft is over.
WaitCheck	draft	seasonal	live	Simulates forward from the live board to my next pick and reports per-position best-available survival and the drop-off cost when gone.	DraftNight.java:134 'WaitCheck.report(timing, planner, simulator, state, points, waitRollouts);' (DraftNight is named in RUNBOOK 'During the draft'). TRAPS.md:135 '`WaitCheck`, Model A's own'. Also called by DraftSimulator, LateWaitOrTake, ModelAAudit.
WaitOrTake	draft	archive	diagnostic	Take him now or gamble he lasts a round, on AvailabilityModel with league bias fitted from ManagerProfiles.	README.md:41 './gradlew run -Pmain=WaitOrTake'; MODEL.md:43 model table row C. Not in RUNBOOK; no callers in src/main/java. Its question is answered on draft night by WaitCheck via DraftNight, so it is an earlier model kept for the record.
AccuracyShootout	draft-research	archive	diagnostic	Scores every stored projection/ADP/ECR feed as a predictor of actual season points per season (spearman, top-24 hit) to measure the fog.	DIAGNOSTIC.md:33 table row 'preseason projections predict the season at spearman 0.56-0.59 | AccuracyShootout'; MODEL.md:2436. No callers in src/main/java.
AdaptiveCeiling	draft-research	archive	stray	Measures headroom above the best tournament entry by growing inner rollouts of oldschool-2 lookahead to find the value plateau.	No reference in any root doc; no callers in src/main or src/test (only javadoc self-usage line).
AdaptivePremium	draft-research	archive	stray	Races shipped/timing/vorp/adaptive policies at Justin's seat under full rules on paired seeds to price the adaptive premium.	No reference in any root doc; no callers in src/main or src/test.
AdpProvenanceAudit	draft-research	archive	stray	Checks whether Sleeper's stored per-season ADP is a preseason snapshot by rank-correlating it against FFC per-year ADP.	No root doc reference; only mention is EraExport.java:21 javadoc prose ('This repo already runs an AdpProvenanceAudit because'), not a call.
AdrProvenance	draft-research	archive	diagnostic	Compares Abusing Draft Rankings sheet capture dates with real draft dates (from the league chain) to judge feed admissibility per season.	MODEL.md:2181, 2486, 2495 quote its results and data/adr/provenance.csv; no callers in src/main/java.
AllenCheck	draft-research	archive	stray	Prints survival of top QBs (>330 projected points) at Justin's picks under the shipped selection model.	One-line javadoc only ('Where do the top QBs actually land, per the model?'); no reference in any root doc; no callers.
AppetiteAudit	draft-research	archive	diagnostic	Per season, each manager's first in-draft QB (or -Ppos) round, league mean, and kept-QB count, to separate appetite drift from keeper composition.	MODEL.md:1004 'D3 AppetiteAudit - DONE, run today: league first-QB round 6.1 -> 4.1'; no callers in src/main (AppetiteSeesKeepersTest references AAAConfiguration, not this class).
AutodraftImpact	draft-research	archive	stray	Measures survival of Justin's targets at each pick with JFMarino human vs autodrafting, same seeds.	No reference in any root doc; no callers. Near-duplicate of AutodraftScenario (both open with the same JFMarino 50/50 intel).
AutodraftScenario	draft-research	archive	stray	Runs Justin's seat with JFMarino human vs autodraft and compares plan, value and round-2 target survival.	No reference in any root doc; no callers. Duplicates AutodraftImpact's question.
BaselinePlanAudit	draft-research	archive	diagnostic	Prints every manager's keeperless baseline staged plan and where QB landed, to test whether the valley trap fired inside the keeper ledger.	MODEL.md:751 'BaselinePlanAudit: ALL TWELVE keeperless baselines commit QB in rounds'; called only by BaselineQbTimingCheck.
BaselineQbTimingCheck	draft-research	archive	diagnostic	Re-inserts the baseline plan's QB at each later round and prices variants at high trial counts to bound how much V(base) is understated.	MODEL.md:753 'BaselineQbTimingCheck (my seat, QB slid through all nine rounds, 10k'; no callers.
BenchCalibration	draft-research	diagnostic	diagnostic	Sweeps BoardValue's lostBelow threshold and a blend lambda against BenchValue's measured over-wire bench returns (44.0/32.8/31.2) to see if the bench parameter is identified.	DIAGNOSTIC.md:130 'lostBelow cannot be identified ... BenchCalibration | high'; DRAFT-READY.md:241; MODEL.md:5311, 5413 run command. Referenced by BenchValue/BoardValue only in comments (no 'BenchCalibration.' call sites); has BenchCalibrationTest.
BenchValueGap	draft-research	diagnostic	diagnostic	Compares what WeeklyStarterValue prices the best free bench man at pick 127 against BenchValue's measured over-wire returns; found the objective over-prices, not under-prices.	No root doc names it, but data/in-season-learning-2026-08-31.txt:136 and InSeasonLearning.java:862 quote its result ('free tight end (BenchValueGap, 2026-08-31)'); BustBoomSweep.java:112,250 call BenchValueGap.bestFree.
BenchWindow	draft-research	archive	stray	Checks whether BenchValue.overWireByPosition's per-position ordering changes with the rounds window (1-9 vs 8+).	No reference in any root doc; no callers. Its concern (DraftNight guidance drawn from rounds 1-9) is addressed by DraftNight.java:129-130 calling overWireByPosition(configuration, slot.round()).
BlockingTest	draft-research	archive	stray	Tests whether taking player A vs B at pick 7 changes the availability distribution at the next pick (the blocking channel no bound prices).	No reference in any root doc; no callers.
BoardSourceCheck	draft-research	seasonal	diagnostic	Runs the board model at pick 7 under sleeper, espn, cbs and a blend to see if the verdict flips with the projection feed.	DIAGNOSTIC.md:32 'pick-7 verdict is RB under sleeper, espn, cbs and a blend | BoardSourceCheck'; DIAGNOSTIC.md:299; DRAFT-READY.md:479. Only test reference SurvivalDependentToolsTest.
BoostLab	draft-research	archive	diagnostic	Model-class experiment: gradient-boosted scorer over all features vs the conditional logit on the survival gate, hyperparameters on 2024, one look at 2025.	DIAGNOSTIC.md:66 'held-out calibration at Justin's own slots: 0.45% vs linear 1.56% | BoostLab -PscheduleRounds=16'; TRAPS.md:293 #54, :320; BoostedSelectionModel.java:77-83 'The BoostLab-chosen configuration ... THE shipped simulator brain'. Referenced by SelectionModel/TrainingRows only in comments/strings.
BustBoomRates	draft-research	archive	diagnostic	Per-game bust/boom rates by position and draft-round tier over 13 seasons with season-bootstrapped error bars.	MODEL.md:5016 './gradlew run -Pmain=BustBoomRates rates by position and draft tier', :5057, :5163 (-Psource=nflverse rerun); only test reference PromotionChannelTest.
BustBoomSweep	draft-research	archive	diagnostic	Sweeps BustBoomValue's bust/boom/detection-lag parameters at picks 79-127 to bound whether a bust/boom channel ever reorders positions.	MODEL.md:4874 'BustBoomSweep bounds that'; referenced by BustBoomValueTest; no main callers.
CensoredDisplacement	draft-research	archive	diagnostic	Fits a split-normal availability model by censored maximum likelihood including undrafted players, fixing PickDisplacement's sampling bias.	Called by DraftBacktest.java:298,314 ('CensoredDisplacement.fitThroughSeason(configuration, 2023/2024)'), which MODEL.md:45 marks DONE as the backtest; no root doc names CensoredDisplacement itself; has CensoredDisplacementTest.
CommitteeRobustness	draft-research	archive	stray	Tests the depth-2 VORP-tail live engine against greedy across wrong-model worlds (drone, chaotic, QB-hungry).	No reference in any root doc; no callers.
ConfigMatrix	draft-research	archive	stray	Runs BoardValue as a subprocess under every flag combination and tabulates results so recommendations become lookups.	No reference in any root doc; no callers.
CrossoverTable	draft-research	archive	stray	Over five real seasons, how often a late-tier player outscores an early-tier one at the same position and by how much.	No reference in any root doc; no callers (MODEL's 2026-08-30 boom measurement is quoted in BustBoomSweep's javadoc without naming this class).
CurveCheck	draft-research	archive	stray	Prints 2026 projections, isotonic fit and detected steps per position so the board, not a threshold, settles where the RB cliff is.	No reference in any root doc; no callers; last touched in commit dcc8d86.
DecisionSensitivity	draft-research	archive	diagnostic	Re-runs the timing search under fog draws from FogFit constants to count which timing heads survive and the regret of the projection-chosen plan.	MODEL.md:1480, 1521 ('DecisionSensitivity v1 reported 186 points of regret'), 1628; FogFit.java:12 mentions it only in javadoc; no callers.
DefenceHistory	draft-research	archive	stray	Per era-board season, counts defences on the board and joins to LeagueActuals.seasonDefencePoints to check the join is possible.	One-line javadoc only; no reference in any root doc; no callers; last commit 2026-09-01 00:39.
DefenceReality	draft-research	diagnostic	diagnostic	Checks three claims about defences: when the league really drafts them, whether the 2026 curve plateaus, and whether DEF ADP/projections predict less than other positions.	DIAGNOSTIC.md:65 'defences on the 2026 board: 0% before round 10 (real 0%) ... DefenceReality'; DIAGNOSTIC.md:290. Mentioned by SelectionModel.java:842, DraftSimulator.java:181, LiveBoard.java:1145 in comments only (no 'DefenceReality.' call sites).
DefenceRound	draft-research	diagnostic	diagnostic	Holds a plan's other thirteen picks fixed and slides the defence through every slot, scoring all variants on five real seasons.	MODEL.md:4416 'DefenceRound exactly, which is a free cross-check'; only test reference ShapeSensitivityTest; no main callers.
DefenceSurvey	draft-research	archive	stray	Sixteen-round survey of where each model variant places its defence on its own, after the forced-placement sweep settled that later is better.	No reference: not named in any root .md, no caller in src/main/java, no test. Javadoc: "do the models find that on their own?" (src/main/java/DefenceSurvey.java:10-12).
DefenceTiming	draft-research	archive	diagnostic	Prices the cost of taking the defence in each round with the roster shape held fixed, against the 125-point clustered-on-season bar.	DIAGNOSTIC.md:145 "| defence timing across the whole axis spans 107 points vs a 125 bar - the round is not measurable | `DefenceTiming` | high |"; DRAFT-READY.md:140,200; MODEL.md:3229. Only code reference is a javadoc mention in DefenceReality.java:23.
DefenceVersusDepth	draft-research	diagnostic	diagnostic	Realised defence points by preseason ADP band, the other half of Justin's 'defence at 8 vs bench depth' trade against BenchValue's skill-pick numbers.	No root doc names it. Consumed by LateRoundValue.java:46 ("DefenceVersusDepth: realised season points by PRESEASON defence band"), which DraftNight and LateRoundTargets use; pinned by src/test/java/BandRegressionTest.java. Its main() is a measurement, not a loop step.
DetectionLag	draft-research	diagnostic	diagnostic	Measures the week at which season-to-date scoring first beats the preseason ADP curve as a predictor (the bust-detection hinge), leave-one-season-out, rates per game played.	MODEL.md:5015 "./gradlew run -Pmain=DetectionLag the hinge: how fast is a bust visible"; MODEL.md:5162; TRAPS.md:560. Its DetectionLag.Man record is a shared type: NflverseBoards.java:264 "public static Map<String, List<DetectionLag.Man>> usable", read by LiveSetup.java:76 and BoardValue.java:128.
Draft16	draft-research	archive	diagnostic	Model A's expectimax run out to sixteen rounds with the starter-sum objective swapped in via RosterValue, to see whether TE/DEF timing falls out of the search without rules.	MODEL.md:3882 "**Still open:** the `Draft16` SEARCH continues to place a defence at pick 7"; MODEL.md:4036 "DEF-at-7 survives 300 trials in `Draft16`". Draft16.shape reused by ObjectiveAudit.java:225.
DraftBacktest	draft-research	diagnostic	diagnostic	Fit the selection model on prior seasons, replay a held-out draft, report pick-prediction rank and availability calibration; where PICK_STANDARD_DEVIATION and VALUE_WEIGHT were tuned.	MODEL.md:45 "DONE (`DraftBacktest`)"; MODEL.md:270 "`DraftBacktest` prints the surface every run"; MODEL.md:291. Its DraftBacktest.Season type is live plumbing: DraftSimulator.java:165 "public static DraftSimulator forSeason(DraftBacktest.Season season, ChoiceModel model". Tests: DraftBacktestSmokeTest, StaleJavadocLinkTest.
DraftRehearsal	draft-research	archive	stray	Generates mid-draft boards with the fitted opponents, stops at each of my picks and times the live decision path end-to-end before the real draft existed.	No reference: no root .md names the class (MODEL.md:875,1040,1666 speak of a 'mock rehearsal' generically), no caller, no test. Draft is done (RUNBOOK.md:160).
DrainPrediction	draft-research	archive	diagnostic	Scores how many men of a position go between my pick and my next under the retired room+ADP blend versus the fitted survival prior alone (the 2026-09-01 switch).	No root doc names it. Cited by RealDraftSurvival.java:11 javadoc ("MidDraftRank, DrainPrediction - scored it against MORE SIMULATIONS") and covered by src/test/java/SurvivalDependentToolsTest.java. Javadoc line 76 "A0: the RETIRED rule".
DriftAlarmCheck	draft-research	seasonal	diagnostic	Replays a clean draft and counts how often the schedule-drift warning fires; must be zero.	DIAGNOSTIC.md:293 "| schedule-drift warning on a clean board | fires 137 of 168 refreshes | **0** | `DriftAlarmCheck` |"; DRAFT-READY.md:338. No caller, no test.
DryRun	draft-research	diagnostic	diagnostic	Plays the whole 2026 draft with the model picking for me and fitted opponents, looking for absurd shapes and undraftable names rather than a score.	No root doc names it; referenced only in comments: LiveSetup.java:14 "DryRun never built the survival table", LiveBoard.java:982,1053, DefenceTiming.java:35. Tests: OneWarmUpTest, ScheduleDriftTest.
EraSample	draft-research	archive	diagnostic	Reports how many seasons the harvest reached and what that does (and does not do) to the season-level error bar.	MODEL.md:4691 "`EraSample`: two plans from the top 1% differ by +/-186 points season to season". Called by FormatProxyAudit.java. No test.
EraSlate	draft-research	diagnostic	diagnostic	Transplants the whole league's 24-keeper slate onto a historical board by positional ADP rank and removes the keeper-occupied picks, so backtests face the board Justin actually faced.	DRAFT-READY.md:223 "`EraSlate` transplants all twenty-four keepers by positional ADP rank"; MODEL.md:5245. Called by PlanBacktest and KeeperSlateImpact; test EraSlateTest pins that my own two keepers are untouched.
FancyAddendum	draft-research	archive	diagnostic	Evaluates hindsight optimisation (hop), SAA replan/plan and expert-iteration policies on the tournament's eval seed stream so they slot into the v3 rankings.	Class name in no root .md and no caller; its rows are what MODEL.md:968 quotes: "hop and saa-replan TIE the top flat lookaheads". Default keepers in javadoc (src/main/java/FancyAddendum.java:541 "-Pkeepers=Tuten,Flowers") predate the declared Tuten/Purdy pair.
FeatureLab	draft-research	archive	diagnostic	Gates every candidate selection-model feature: fit through 2023 with shipped set plus candidate, simulate 2024, joint refit of winners, one 2025 verdict.	MODEL.md:348 heading "### FeatureLab - the full candidate battery (2026-08-25)"; MODEL.md:423. FeatureLab.SHIP_MARGIN read by BoostLab.java:46; SelectionModel.java:160,226 comments cite it. No test.
FeatureScales	draft-research	archive	diagnostic	Checks whether the CLIFF_CAP-scaled features f9/f29 are alive at every position or dead for small-scale positions (TE, DEF).	No root .md names it; its result is quoted in the model's own javadoc: SelectionModel.java:96 "Measured by FeatureScales on the 2026 board, that flat cap makes f9 read" and SelectionModel.java:914 "FeatureScales shows f9 reading 0.355 at quarterback and 0.020 at". No test.
FeedResemblance	draft-research	archive	diagnostic	Walks every real draft in pick order scoring each pick's rank on every dated feed to find which sheet the room actually follows, with capture-vs-draft date gaps.	MODEL.md:1253 "FeedResemblance walks every real draft in pick order"; MODEL.md:1298,1307. Helpers ecrRanks/csvColumns reused by ManagerFeedTable.java:51-65 and ReachAudit. No test.
FluxDraft	draft-research	archive	diagnostic	Dynamic flux-balance-analysis draft policy: re-solve a small position-allocation LP each round and take the max-flux position (a greedy LP relaxation).	MODEL.md:2010 "Also settled tonight: dFBA-as-draft-policy scores 1820.1 against" (class name not in docs). Callers: PlanShowdown, CommitteeRobustness, SourceSensitivity, RankingSelectionTest (all research). No test.
FogFit	draft-research	diagnostic	diagnostic	Fits projection-residual constants (mean ratio, sd, bust and boom rates) by position and projection tier over five seasons for the sensitivity/insurance tools.	MODEL.md:1628 "Implementation: FogFit + DecisionSensitivity + InsuranceTest"; MODEL.md:2194,5057. FogFit.fit() consumed by LiveInsurance.java:115 and RiskDial, DecisionSensitivity, BustBoomRates. No test.
FormatProxyAudit	draft-research	archive	diagnostic	Measures the bias of using PPR era boards as a proxy for half-PPR on the eight seasons where FFC publishes both.	MODEL.md:4618 "`FormatProxyAudit` measures the". No caller, no test.
FragilityBinding	draft-research	seasonal	diagnostic	Walks my seats on a simulated draft and counts how often the shipped BoardValue.tooFragile predicate (the 15% bar) actually refuses a pick.	DRAFT-READY.md:277 "On the shipped one, `FragilityBinding`"; LiveSetup.java:15 "FragilityBinding never built it either - and its \"0 of 66 refused\"". Tests: OneWarmUpTest, SurvivalDependentToolsTest.
GapCertificate	draft-research	archive	diagnostic	Information-relaxation upper bound: mean of per-scenario clairvoyant optima minus the best measured policy, certifying the maximum unclaimed points in the draft game.	Class name in no root .md and no caller; the concept and its number are in MODEL.md:998 "D1 Gap certificate: clairvoyant bound", MODEL.md:1408 "GAP CERTIFICATES (unpenalized information-relaxation)", MODEL.md:1744 "valid upper clairvoyant, ~+12.5 over committed". Javadoc default (src/main/java/GapCertificate.java:685) still "-Pkeepers=Tuten,Flowers".
InsuranceTest	draft-research	archive	live	Rounds 8-9 insurance study (frequency vs severity of promotion by position) over fixed 1-7 plans; also owns replacementRanks(), the league's drafted-depth-plus-one wire level.	main is a study (MODEL.md:1628, 2188, 2736 'the wire is now the replacement level InsuranceTest'), but InsuranceTest.replacementRanks (InsuranceTest.java:44) is called by WeeklyStarterValue.java:358/397 and StartSit.java:325, which feed TuesdaySwap and LeagueConsole (RUNBOOK lines 9-10). Live via that helper; the main itself is August research.
KeeperSlateImpact	draft-research	diagnostic	diagnostic	Scores every strategy on the 2-keeper board, the 2-keeper board with real ranks, and the full 24-keeper board in one process, to see whether strategy ordering changes.	DRAFT-READY.md:226 ('KeeperSlateImpact scores both boards in one process'), MODEL.md:5255. No code callers.
KnLiveProbe	draft-research	archive	stray	Measures Kim-Nelson selection per pick along a realistic draft: rollouts spent, whether it proves a selection, whether it finishes inside the clock.	No reference in any root doc and no code callers (grep -w KnLiveProbe over RUNBOOK/README/MODEL/DIAGNOSTIC/DRAFT-READY/TRAPS/FAAB-PLAN/RESEARCH-PLAN/DRAFT-CARD and src/main/java returns nothing outside the class).
LandmineCheck	draft-research	archive	diagnostic	Regresses the Abusing Draft Rankings 'landmine score' on platform-rank minus consensus gaps already held, to test whether it carries new information.	MODEL.md:2161 ('LandmineCheck regresses the score on the gaps we already hold'). No code callers.
LateHalf	draft-research	archive	diagnostic	Compares what each strategy picks from round 8 on and what those picks delivered in weeks they genuinely started.	TRAPS.md:560 ('DetectionLag, LateHalf, and BoardValue reading them) still ranks ...'). No code callers.
LivePathStress	draft-research	seasonal	diagnostic	Replays a full sixteen-round draft calling the real LiveBoard.answer at every one of my seats; any throw or illegal final roster is a failure.	DIAGNOSTIC.md:308 ('LivePathStress says it does not across 42 priced picks'), DRAFT-READY.md:195 and TRAPS.md:207 (the warmSurvival wrong-configuration finding). Not a RUNBOOK command; code refs in LiveSetup.java/SeatPlan.java.
MarginalTrace	draft-research	archive	stray	Prints the sixteen-round objective's view of a roster at one pick (every slot, what fills it, each position's best-available marginal) to explain the pick-79 defence.	No reference in any root doc; no caller in src/main/java (grep -w MarginalTrace). Depends on RiskDiscountedValue/PositionPredictability but nothing depends on it.
MidDraftRank	draft-research	seasonal	diagnostic	Scores the survival rule's unconditional approximation vs the exact conditional P(gone by p | survived to k) vs the ADP cutoff, mid-draft, on simulated drafts.	DRAFT-READY.md:430 quotes its 21,840-cell result (cutoff 4.32 / shipped 0.85 / exact 0.86); DIAGNOSTIC.md:116 table row. LiveBoard.java:1088 and RealDraftSurvival mention it only in comments (no MidDraftRank. call).
MismatchArena	draft-research	archive	stray	Matrix of true opponent worlds x policies (fixed-model, Bayes/robust hedgers, lookahead, PaceVorp) scored MEAN and MIN to see where model-humble algorithms win.	No root doc names it; only caller is CommitteeRobustness.java, which is itself named in no doc. Archived output data/mismatch-arena-2026-08-27.txt.
ModelAAudit	draft-research	archive	diagnostic	Adversarial audit of Model A / the DraftNight path (setup, stateAfter alignment, boundary, committee, clock, keepers, off-turn) at both 16- and 9-round schedules.	TRAPS.md:114 '`ModelAAudit` is the tool'. LiveBoard.java:161 cites its clean-replay finding in a comment only; no ModelAAudit. call anywhere.
NewEngines	draft-research	archive	stray	Four experimental pick engines (depth-3, two-stage stochastic, regret-match, mean/p25 blend) scored on the PolicyTournament protocol.	No reference in any root doc and no caller in src/main/java.
ObjectiveAudit	draft-research	diagnostic	diagnostic	Runs RiskDiscountedValue against alternative trust coefficients, games-missed models and replacement ranks; reports whether the 16-round plan and the backtest move.	MODEL.md:4483-4489 run lines and discussion; build.gradle:229-232. Src callers PolicyBacktest and RiskDiscountedValue reference it (RiskDiscountedValue only in comments). Not in RUNBOOK.
ObservationCount	draft-research	archive	stray	Counts fitted observations (not seasons) behind Model A vs the 1-16 attempts to argue five seasons was never the constraint.	No reference in any root doc and no caller in src/main/java.
OddsConsistency	draft-research	archive	stray	Checks whether BoardValue's draw-implied same-position odds reproduce PairwiseOdds' fitted surface.	No reference in any root doc and no caller in src/main/java (it calls NflverseBoards, nothing calls it).
OddsFamilies	draft-research	diagnostic	diagnostic	Bake-off of four pre-registered model families (boosted strength, boosted surface, etc.) against PairwiseOdds' isotonic+log-smooth incumbent on held-out seasons.	RESEARCH-PLAN.md:472-475 quotes its results and run line. Only src caller is OddsSurfaces.
OddsSurfaces	draft-research	diagnostic	diagnostic	Eight further odds-surface families (BT-MLE, logit d, ...) refitted fold-by-fold on one protocol against the PairwiseOdds incumbent; javadoc: 'this file has no path into the draft tools'.	DRAFT-READY.md:565 run line and table. No src callers.
OpinionCount	draft-research	seasonal	diagnostic	At how many of the fourteen seats the board model's top-two verdict is separated (paired 2 s.e.) rather than a coin flip.	DRAFT-READY.md:530-531 quotes the -Pseeds=5 result; DIAGNOSTIC.md:236,298. No src callers.
PickDisplacement	draft-research	diagnostic	diagnostic	Empirical availability/residual distribution learned from this league's own drafts (per-position offset, per-depth bootstrap); challenger to the Gaussian, not shipped.	MODEL.md:4103 (opponents in PowerBacktest draft from a board perturbed by it). Javadoc 'STATUS: challenger, not shipped'. Callers: CensoredDisplacement, DraftBacktest, PowerBacktest - none live.
PlanBacktest	draft-research	diagnostic	live	Phase 4 backtest of fixed position sequences on real past ADP boards scored on real weekly outcomes; its Board (rankOf, tiersOf, indexRanks, holdKeepers) is the historical-board scaffold shared by the live objective.	WeeklyStarterValue.java:454,464 'expectedFromRank(PlanBacktest.Board board ...' / 'PlanBacktest.Board.indexRanks' - the weekly objective behind LeagueConsole/TuesdaySwap. TRAPS.md:532-616, build.gradle:135-235 properties. Its own main() is research.
PlanShowdown	draft-research	archive	stray	Prices the RB-heavy vs WR-heavy seven-round plans at high precision on paired seeds alongside the live engine.	No reference in any root doc and no caller in src/main/java. Archived output data/plan-showdown-2026-08-28.txt.
PolicyBacktest	draft-research	diagnostic	diagnostic	Fair Phase-4: the pick POLICY drafts each past season's own board with leave-one-out outcome pools, scored on real weekly results in the real ten-man lineup.	TRAPS.md:618; MODEL.md:4582 quotes its '[not legal] no DEF drafted' row. Callers ObjectiveAudit, PositionWeights, PowerBacktest - all research.
PositionCurve	draft-research	archive	stray	Prints mean best-available projection per position at each of my picks and the 2nd/3rd-best falloff, to answer why four RBs beat four WRs.	No reference in any root doc and no caller in src/main/java.
PositionTrust	draft-research	seasonal	diagnostic	Per-position regression of realised bucket spread on projected spread (trust in [0,1]) so no position gets a hand-written rule.	DIAGNOSTIC.md:34 table row quotes its defence result (slope 1.26 +- 0.53, spearman 0.22). No src callers.
PositionWeights	draft-research	diagnostic	diagnostic	Fits four per-position multipliers on the objective's marginal by coordinate ascent on 2021-2023, judged once on 2024-2025.	TRAPS.md:618 names it among the pool-drawing backtests. No src callers; it calls PolicyBacktest.
PowerBacktest	draft-research	diagnostic	diagnostic	The measuring instrument: how big a strategy gap must be to mean anything, over 12 slots x seasons x perturbed opponent worlds; GRADER follows the shipped grader.	MODEL.md:4093-4220 run line '-Pmain=PowerBacktest -Pkeepers=Tuten,Purdy', 4600,4755,4811,4847; TRAPS.md:618. Callers OddsSurfaces, ScorerHonestyAudit, InSeasonLearning, OddsFamilies, PairwiseOdds, ShapeSearch (PairwiseOdds borrows its grader/season list, so a slice of it runs on the live path).
PredictabilityProfile	draft-research	archive	stray	Per position and tier: bias, spread and skew of preseason ADP vs outcome over five seasons.	No reference in any root doc and no caller in src/main/java. Archived output data/predictability-profile-2026-08-29.txt.
QBMarket	draft-research	archive	diagnostic	Empirical QB market per season: who held a kept QB, when each manager took his first in-draft QB, raw QB-run co-occurrence.	MODEL.md:309 quotes its result ('Raw co-occurrence (QBMarket): QB repeats within 3 picks 27.5%'); no callers in src/main/java.
QbCountTest	draft-research	archive	stray	How many extra QBs a keeper-holding (Purdy) roster should draft; re-examines the round-3-QB finding with keepers modelled.	No reference in any root doc; no callers in src/main/java.
RankDraft	draft-research	diagnostic	diagnostic	A draft rule built solely from the pairwise preseason-rank outcome matrix (no intraseason modelling); scored in backtests.	TRAPS.md:17,86 quote its results ('cost RankDraft 68 points and over-bought quarterbacks'). Callers are research tools only (BenchCalibration, BoardValue, KeeperSlateImpact, OddsConsistency, RoundTable, RankIndexCheck, Tomorrow); RosterRules.java:104 is a comment.
RankIndexCheck	draft-research	seasonal	diagnostic	Measures how fast outcome scatter moves with positional rank to decide whether draftable-vs-full-board rank indexing matters.	DIAGNOSTIC.md:50-51 table rows ('rank offset is worth 0.01 SD', 'receivers scatter 30% less than backs'); DRAFT-READY.md:290. No callers.
RankKeyChoice	draft-research	diagnostic	diagnostic	Leave-one-season-out test of whether ADP or projection rank should key a man's historical outcome cell.	DIAGNOSTIC.md:423 quotes result; README.md:56 lists it; TRAPS.md:578; build.gradle:188-192. OutcomeDistributions.java:42 cites it in javadoc only.
RankPrediction	draft-research	diagnostic	diagnostic	Scores how well expectedRank (hard ADP cutoff vs survival table) predicts the rank that arrives at each of Justin's picks, on simulated drafts.	DRAFT-READY.md:408 quotes it; LiveBoard.java:1072,1086 reference it in comments only; RealDraftSurvival/MidDraftRank references are research.
RankStdGate	draft-research	archive	stray	Gate test of whether FantasyPros rank_std predicts out-of-sample deviation from slot better than tier alone.	No reference in any root doc; no callers in src/main/java.
RankingSelectionTest	draft-research	archive	stray	Tests Kim-Nelson sequential ranking-and-selection budget allocation against the committee's equal fixed rollouts.	No reference in any root doc; no callers in src/main/java.
ReachAudit	draft-research	archive	diagnostic	D2 reach-size distribution (chosen player's rank among still-available Sleeper-default feed) per manager and per season, real vs simulated.	MODEL.md:1001 ('D2 ReachAudit: real vs simulated reach-size distributions'). Callers: ManagerFeedTable, SniperFit, StrayDiagnostics (all research).
RealDraftSurvival	draft-research	diagnostic	diagnostic	The non-circular test of the survival table: scores expectedRank against the league's real 2024/2025 drafts held out of the fitted model.	DIAGNOSTIC.md:115,289 ('1.19 men error vs 3.35'); DRAFT-READY.md:439. LiveBoard.java:1280 reference is a comment.
RealMidDraft	draft-research	seasonal	diagnostic	Scores three expectedRank rules (prior-only vs room-observed blends) against the league's real 2024/2025 drafts mid-draft.	DRAFT-READY.md:453 quotes it; LiveBoard.java:1590 comment ('prior alone (RealMidDraft, 360 cells)'); DrainPrediction is research.
RecencyGate	draft-research	archive	stray	Gate for recency-weighted (half-life) QB earliness in the room model: chosen on 2024, confirmed on held-out 2025.	No reference in any root doc; no callers in src/main/java.
RegimeShift	draft-research	diagnostic	diagnostic	Tests whether 2013-2018 seasons are exchangeable with 2021-2025 before pooling them into the backtest; prices the overfitting.	MODEL.md:4640,4667,4697 ('Two tests, both in `RegimeShift`'); build.gradle:238. Callers EraBoards/EraGame/EraScores/FormatProxyAudit are the era harvest research.
ReplacementRanks	draft-research	diagnostic	diagnostic	Three derivations of what an unfilled slot is worth, checking the replacement rank RiskDiscountedValue uses against the league.	MODEL.md:4536 ('three ways in `ReplacementRanks`'); RiskDiscountedValue.java:71 comment 'AUDITED 2026-08-30 (ObjectiveAudit, ReplacementRanks) and left alone'.
RiskDial	draft-research	archive	stray	Reports whether a seat below the playoff line should draft for variance via DraftPlanner's lambda dial (availability risk, not performance risk).	No reference in any root doc (only build.gradle:129-132 property comments); no callers in src/main/java.
RookieMarket	draft-research	archive	diagnostic	Pick-minus-ADP for rookies vs veterans, split at the nine-round boundary, to test whether the keeper league drafts rookies early.	MODEL.md:404,415,427 quote its results; no callers.
RoomFidelity	draft-research	seasonal	diagnostic	Fits the choice model on prior seasons and simulates a held-out season's own board with its keepers, comparing to what that draft did.	DIAGNOSTIC.md:64,77,183,207,447,457,470 quote results ('worst band gap: RB 8.0, WR 5.1...'); DraftSimulator.java reference only.
RoundTable	draft-research	archive	stray	Prints what the fixed plan and the lookahead model take each round across sixteen rounds, as a distribution.	Only doc mention is TRAPS.md:1354 about a stale line-number citation, not its result; no callers in src/main/java.
ScenarioTree	draft-research	archive	diagnostic	Non-anticipative scenario tree solved by backward induction to bound how much of the clairvoyant certificate (22.1) a real policy could capture.	MODEL.md:1699 heading 'The certificate, decomposed (2026-08-27): ScenarioTree'; MODEL.md:1733. No callers.
ScorerHonestyAudit	draft-research	diagnostic	diagnostic	Checks whether PlanBacktest.seasonPoints fills its lineup by expectation or hindsight, scoring each roster both ways.	DIAGNOSTIC.md:52,129 ('hindsight fill worth +114 vs a 35-point bar'); DRAFT-READY.md:305. PlanBacktest reference is a comment.
ScoringImpactReport	draft-research	diagnostic	diagnostic	Scores every PlanBacktest strategy under pts_half_ppr and under LeagueActuals in one process to show what the scoring fix changes.	MODEL.md:4316,4351; TRAPS.md:656. LeagueActuals.java:54 reference is a javadoc comment.
SequenceSearch	draft-research	archive	stray	Hill-climbs whole fourteen-position draft sequences scored on real outcomes, leave-one-season-out, to try to beat the folk rules.	No reference in any root doc; no callers in src/main/java.
ShapeSearch	draft-research	diagnostic	diagnostic	Leave-one-season-out shape picker to test whether the RUNBOOK plan's 1998 is an out-of-sample number or a training score.	MODEL.md:4709,4728-4729,4811 ('Until `ShapeSearch` is rerun on the corrected grader'); no callers.
ShapeSensitivity	draft-research	diagnostic	diagnostic	Maps the neighbourhood of the fourteen-slot committed shape to tell a plateau from a spike.	MODEL.md:4365; TRAPS.md:34 (its legal() bug). References in RosterRules.java:481, PlanBacktest, KeeperSlateImpact, LeagueRules are comments/research, not live calls.
SlotValue	draft-research	archive	diagnostic	Pure serpentine slot curve: every seat valued on a world with no keepers so bumps in the real landscape are attributable to neighbours' keepers.	MODEL.md:657 'final construction (SlotValue): the MOCK-ROOM world - every keeper...'. No callers in src/main/java; not in RUNBOOK.
SniperFit	draft-research	archive	stray	M1 sniper mixture: per-manager reach rate eps_m fitted on 2022-2024 with a held-out 2025 gate, reaches measured within position.	No reference in any root doc by name. Only caller is StrayDiagnostics.java:93 'SniperFit.withinPositionRank(...)', which is itself unreferenced. Javadoc labels it 'M1'; if RESEARCH-PLAN refers to it only by milestone number it is at best a diagnostic.
SourceSensitivity	draft-research	diagnostic	diagnostic	Does the best committed draft sequence flip when projections come from ESPN or CBS instead of Sleeper/Rotowire?	DRAFT-READY.md:486 'One distinct verdict. `SourceSensitivity` says the same of Model A's committed...'. Mentioned in BoardSourceCheck.java:9 javadoc only. Not in RUNBOOK.
StarterContribution	draft-research	diagnostic	diagnostic	Sweeps a pick's contribution to weekly starting lineups across bust/injury rates to show where TE-early vs depth changes hands.	MODEL.md:2631 'Every position positive, quarterback overwhelmingly so. `StarterContribution`', MODEL.md:4918 bust dial, MODEL.md:5133 'measured rather than argued'. Callers are research tools only (BustBoomSweep, OutcomeDistributions, RankStdGate, TightEndTiming). Not in RUNBOOK loop.
StarterSumCheck	draft-research	archive	stray	Checks that WeeklyStarterValue values a tenth bench man positively where the old best-nine-of-season-totals objective gave zero.	No reference in any root doc; no callers in src/main/java. Last touched 7b46335 2026-08-30.
StrayDiagnostics	draft-research	archive	stray	M2 triage: raw within-position reach signals for rookies, youth, faded names, homers and 6-pt display QBs on real picks.	No reference in any root doc by name; no callers in src/main/java. Javadoc: 'Diagnostics, not fits'.
TailLegality	draft-research	seasonal	diagnostic	Does the rollout tail ever finish a roster without a defence (which made 'take the defence now' look mandatory)?	DIAGNOSTIC.md:144 '| 0 of 5 tails finish without a defence (was: often) | `TailLegality` | high |', DIAGNOSTIC.md:291, DRAFT-READY.md:350 'TailLegality measures 0 of 5'. LiveSetup.java:13 mentions it only as a past mistake ('never set scheduleRounds').
TeOrDepth	draft-research	archive	stray	Marginal starter-sum value of the best available TE vs another RB/WR at each pick, against a roster that never takes a TE.	No reference in any root doc; no callers in src/main/java. Last commit b322035 2026-08-30.
TierCliffs	draft-research	archive	diagnostic	Empirical tier drops per season and position in the projections managers saw, motivating the drop-off selection feature.	MODEL.md:332 'TierCliffs confirms it in the projections the managers saw: TE 2022 fell'. No callers in src/main/java.
TightEndHabit	draft-research	seasonal	diagnostic	Rank correlation between which managers really take a TE early and which simulated managers do, per held-out season.	DIAGNOSTIC.md:101 '`TightEndHabit` shows the model cannot...' and DIAGNOSTIC.md:257. No callers in src/main/java.
TightEndTiming	draft-research	diagnostic	live	Joins five seasons of dated pre-season ADP to realised points and scores TE-early/WR-late vs WR-early/TE-late vs stream as a swap.	MODEL.md:3160 'the third independent route to the same answer. `TightEndTiming`'s'. Also on a live path: called by WeeklyStarterValue.java and WireRateStress.java (the objective TuesdaySwap/TradeMarket price on) plus PlanBacktest, OutcomeDistributions, EraBoards.
TrainingRows	draft-research	seasonal	diagnostic	Counts the selections the shipped room model actually trains on (857, 2021-2025, sixteen rounds) after '435 rows' proved to be the gate set.	DIAGNOSTIC.md:15 '857 selections (2021-2025, sixteen rounds; `TrainingRows`)', DIAGNOSTIC.md:446,470; TRAPS.md:322 (#59). No callers.
TrustCoefficient	draft-research	diagnostic	diagnostic	Estimates the projection-trust slope (realised gap on projected gap) in the shape RiskDiscountedValue uses it, instead of borrowing a Spearman correlation.	MODEL.md:4509 '`TrustCoefficient` estimates the thing itself'. RiskDiscountedValue.java:136 'AUDITED 2026-08-30 (ObjectiveAudit, TrustCoefficient)' and LiveBoard.java:1148 are comments only, not calls.
WorldsRace	draft-research	archive	diagnostic	Six simulated worlds (boosted brain, linear brain at three temperatures, QB-pressure/QB-lazy) racing the committed plan, timing heads and reactive VORP to test whether the plan survives the world being wrong.	MODEL.md:1786 'Plus WorldsRace under Model A (the'. No callers in src/main/java (it calls TimingPlanner). Not in RUNBOOK.
AAAConfiguration	feeds	live	live	Single source of truth for which league/season/draft is configured; reads draft id, prior league and humans back from Sleeper and caches them.	README.md line 64 ('./gradlew run -Pmain=AAAConfiguration # what league am I pointed at'); imported by essentially every class including LeagueConsole, TuesdaySwap, TradeMarket, SeasonOutlook, DraftNight, KeeperChooser; TRAPS.md:326 notes it caches draft_order JSON.
AdpSnapshot	feeds	live	live	Appends today's Sleeper ADP and projections to committed CSV archives, one row per player per day; the archive feeds ProjectionDrift and pinned-snapshot runs.	RUNBOOK.md:174 'Before the draft' section ('./gradlew run -Pmain=AdpSnapshot # fresh ADP + all four feeds'); README.md:42; its archive is read by ProjectionDrift (in-season loop tool, RUNBOOK 'Once a week') and SleeperProjections/ProjectionSources for -PadpSnapshot=<date> and snapshot: sources (SleeperProjections.java:220, ProjectionSources.java:78).
CSVProjectionsFP	feeds	archive	live	Loads hand-downloaded FantasyPros rest-of-season CSV exports (FantasyPros_<season>_Ros_<POS>_Rankings.csv) as an in-season projection source.	Called at ScoredRoster.java:232 ('CSVProjectionsFP.playerToScoreProjFPROS(true)') under ProjectionSource.IN_SEASON_FP_CSV; ScoredRoster is used by TradeFinder (build.gradle:115 default mainClass 'TradeFinder'). No root doc names it; only reached when that source is selected, files absent otherwise (lazy load).
CbsProjections	feeds	live	live	Scrapes CBS Sports per-position season stat-line tables and scores them under league settings via the shared scorer, with a self-check on QB passing yards.	ProjectionSources.java:117 ('case "cbs" -> CbsProjections.leaguePointsBySleeperID()'), the -Pprojections switch used by every planner and by BoardSourceCheck; RUNBOOK.md:174 'fresh ADP + all four feeds'. No root doc names the class directly; SourceAdaptersTest covers it.
DraftDates	feeds	diagnostic	diagnostic	Reads the exact draft date/time of every season from the league chain's /drafts collections so ADP-capture dates can be measured against the draft moment.	No root doc names it. Called by two research tools: AdrProvenance.java:132 "DraftDates.byLeagueSeason()" and FeedResemblance.java (whose results MODEL.md:1253-1307 quotes). No test.
EraExport	feeds	archive	stray	Writes the harvested FFC PPR era boards to disk under their own ffc-adp-ppr-* name so no tool silently globs them as FantasyPros half-PPR.	No reference: no root .md names it or 'ffc-adp-ppr', no caller in src/main/java, no test. It calls EraIngest (one-way).
EraIngest	feeds	diagnostic	live	Fetches, caches forever and joins every season Sleeper stats and FFC ADP still serve, printing join rates; the ingestion half of widening the backtest beyond five seasons.	MODEL.md:4606 "`EraIngest` fetches, caches and joins them". On the live path only through its constants: LiveBoard.java:1388 "EraIngest.MIN_RATE, EraIngest.minDepth()". Also feeds DetectionLag, PairwiseOdds, EraBoards, RegimeShift, InSeasonLearning. No test.
EspnProjections	feeds	live	live	ESPN season projections via the fantasy API (X-Fantasy-Filter header, own fetch, day cache), scored under league settings as a second full stat-line source.	ProjectionSources.java:116 "case \"espn\" -> EspnProjections.leaguePointsBySleeperID();" — ProjectionSources is the scoring bridge every planner reads (README.md:30). Not named in any root .md. Test: SourceAdaptersTest.
FFCalculatorSD	feeds	live	live	Fantasy Football Calculator per-season half-PPR ADP and per-player ADP standard deviation, centred on the season median, by Sleeper id; a selection-model feature column.	SelectionModel.java:552 "Map<String, Double> spread = FFCalculatorSD.centeredSpreadBySleeperID(season);"; DraftSimulator.java:420,440 — both under Draft2026. MODEL.md:116 "per-player ADP stdev, per season, already reachable via FFCalculatorSD". No class javadoc, no dedicated test.
FantasyProsADP	feeds	archive	stray	Scrapes FantasyPros expert-consensus half-PPR ranking and matches rows to Sleeper players by name/team/position, dropping unmatched rows.	Only caller is FantasyProsReports.java:22 "FantasyProsADP.getRankingFPECR()", itself unreferenced. ProjectionSources does not route to it (no hit for FantasyProsADP in ProjectionSources.java). Not in any root .md; exercised only by LeagueSmokeTest (README.md:100 "smokeTest hits the live Sleeper and FantasyPros APIs").
FantasyProsReports	feeds	archive	stray	Prints a Serious-vs-FantasyPros-ECR comparison table (sve()).	No reference: no root .md, no caller, no test. No class javadoc; body is src/main/java/FantasyProsReports.java:29-36 "//Serious vs ECRADP ... public static void sve()".
HumanOfInterest	feeds	live	live	League user-id to display-name map read from /league/{id}/users; main() dumps every id/name pair plus "me".	No doc reference to the class itself, but it is a dependency of live tools: src/main/java/KeeperAudit.java and DraftNight.java/LiveDraft.java (RUNBOOK 'Before the draft' lines 176-177) and TradeFinder.java (build.gradle:115 default mainClass 'TradeFinder'). Also used by LeagueOutlook, ManagerProfiles, KeeperEligibility. Its own main is a utility dump, not a decision.
InOutUtilities	feeds	live	live	HTTP fetch and per-day/forever cache layer (getTodaysWebPage, getCachedForever) under every Sleeper/FantasyPros/CBS feed; main() is a stub printing getThisMonthsMyID("justinb314").	TRAPS.md:1048 ('InOutUtilities.getTodaysWebPage serves the fixture'). Called by SleeperLeague, TeamRankings, SeasonOutlook, TradeFinder, LeagueConsole path (WeeklyProjections, SleeperProjections, LeagueWeek) - all in RUNBOOK's in-season loop. Live as infrastructure, not as a tool to run.
InSeasonProjectionsFP	feeds	archive	live	FantasyPros rest-of-season pages; getRosRanking() returns expert-consensus ranks, playerToScoreProjFPROS() is documented as no longer able to return points. main() counts matched ROS ranks.	No doc reference. Called by ScoredRoster.java:229 ('InSeasonProjectionsFP.playerToScoreProjFPROS(true)') which sits under TradeFinder, the build default mainClass (build.gradle:115). Live only by that letter of the rule; the javadoc says the points method 'cannot work and says so, loudly' and directs to ProjectionSource.SLEEPER.
MarketMovers	feeds	diagnostic	diagnostic	Report-only: who the market moved on in the last N days from the daily sleeperProjections<season><date>.txt caches (projection and ADP moves, step-day detection, injury/news metadata as cause).	README.md:43 run line; DRAFT-READY.md:96 'Optional, two minutes'; DIAGNOSTIC.md:480; build.gradle:161 properties. Not in RUNBOOK.md; javadoc 'Report-only: nothing here feeds the model'. No src callers.
MockDraftReader	feeds	diagnostic	diagnostic	Archives a shared Sleeper mock draft (by id/URL) under data/mocks/ before Sleeper prunes it and prints reaches vs current ADP.	README.md:60 run line; MODEL.md:222 describes the archive pipeline. Not in RUNBOOK; no src callers. Runs on demand when a leaguemate shares a link, not part of the loop.
NflverseBoards	feeds	diagnostic	live	Joins FFC draft boards 2010-2025 to nflverse outcomes by name with a per-season match-rate gate (usable() refuses seasons below it).	LiveSetup.java:76 'NflverseBoards.usable(null)' and LiveSetup is built by Draft2026 (RUNBOOK.md:217 live tool). Also MODEL.md:5159-5161 run line. Callers: BoardValue, BenchCalibration, BoardSourceCheck, CurveCheck, DetectionLag, OddsConsistency, KeeperSlateImpact, LiveSetup.
NflverseWeekly	feeds	diagnostic	live	Reads data/nflverse/stats_player_week_YYYY.csv and scores every player-week from components under this league's LeagueScoringSettings (regular season only, fumbles charged twice).	Called by NflverseBoards (its only src caller), which LiveSetup.java:76 calls for Draft2026. MODEL.md:5155 describes it.
PlayerRawData	feeds	live	live	Downloads/caches Sleeper's /v1/players/nfl metadata (sleeperDataPlayerAPI.json) and cleans it into Player objects; main() just prints the loaded count.	Player.java:116 'allPlayersCache = PlayerRawData.getPlayerMetaData()' - Player is the metadata backbone of every live tool. No doc names it. (The per-fetch-forever cache here is the #117 shape the runbook warns about.)
ProjectionBridge	feeds	live	live	Adapts any site's projected points (or props/stat sheets in data/external-projections/<name>.csv) to this league's scoring using Sleeper's projected event counts.	ProjectionSources.java:126 'return ProjectionBridge.pointsForSource(source)' and :140 EXTERNAL path; ProjectionSources.resolve is called by LeagueConsole.java:238 and SeasonOutlook.java:90. AdpSnapshot.java:144. MODEL.md:502; FantasyProsProjections.java:13 is its validation.
ProjectionSources	feeds	live	live	Registry of named projection slots (sleeper, borischen, paywalled CSVs, blend:...) with resolve(name) and a status/diff report as main().	LeagueConsole.java:238 and SeasonOutlook.java:90 'ProjectionSources.resolve("sleeper")' (both in RUNBOOK.md's in-season loop); DraftPlanner.java:587. README.md:32 run line; MODEL.md:528; DIAGNOSTIC.md:474.
ScoringAudit	feeds	archive	diagnostic	Measures the gap between Sleeper pts_half_ppr (4-pt pass TD) and the league's 6-pt scoring in the backtest grader.	MODEL.md:4231 ('`ScoringAudit` found that the backtest grades quarterbacks at four points'); callers EraIngest/EraGame/ScoringRuleAudit are research.
ScoringRuleAudit	feeds	diagnostic	diagnostic	Walks all 34 league scoring_settings categories against what pts_half_ppr measurably applies and prices each gap per starter-season.	MODEL.md:4234,4350. LeagueScoringSettings.java:28,127 and LeagueActuals.java:17 cite it in comments; no call.
SleeperADP	feeds	archive	stray	Builds half-PPR ADP rank lists (playerRankSerious) from the Sleeper projection feed; main prints the count.	No root-doc reference. Only caller is StrategyBot.java:16, itself used only by SimulationDraft (old simulator) — superseded feed path (AdpSnapshot/HistoricalProjections carry ADP now).
SleeperDraftInfo	feeds	live	stray	Reads the Sleeper draft object (draft order, users); main prints pick-by-user. Carries a '//todo these get___draft things are wrong' at line 15.	No root-doc reference; only caller SleeperLeague.java:41 `SleeperDraftInfo.getSeriousDraft()`, and SleeperLeague is the legacy league reader still imported by LeagueWeek/ProjectionBridge — the tool's own main is referenced nowhere.
SleeperProjections	feeds	live	live	Sleeper season projections feed: raw points map plus league-scored projections via scoreStatLine; the projection source under every in-season tool.	Javadoc src/main/java/SleeperProjections.java: 'the only remaining feed that publishes projected stat lines'. Called by LeagueConsole, TradeMarket, TeamRankings, KeeperChooser, KeeperPlan, ProjectionSources, DataStamp path (48 callers). MODEL.md:35 'All points under league scoring (6-pt passing TDs), via SleeperProjections'. TRAPS.md:1291 injuryStatusOf.
WeeklyHarvest	feeds	archive	stray	Phase 0: pull every week of five seasons into the forever cache and gate that weekly points sum to the season totals already in use.	No reference in any root doc by name; no callers in src/main/java. Last commit dc500dc 2026-08-29 'phase 0: five seasons of weekly actuals, and the gate passes'. The gate it describes is not re-run by anything in the loop.
KeeperAudit	keeper	live	live	Checks the commissioner's hand-entered keeper rounds on the Sleeper draft board against the ruleset (escalation, eligibility); expects 24/24 matching.	RUNBOOK.md:176 under 'Before the draft (Monday evening)': './gradlew run -Pmain=KeeperAudit # board still 24/24 rules-clean' and :179 'If KeeperAudit reports anything other than 24 matching the rules, STOP'. README.md:63. RosterRules.java:64 names it as the checker.
KeeperChooser	keeper	seasonal	diagnostic	Chooses the keeper pair by simulating the following draft (SimulationDraft) for each legal pair; owns eligibleCandidates/priceHypothetical keeper pricing.	README.md:61-62, DIAGNOSTIC.md:377, TRAPS.md:462/1394. Not in RUNBOOK. Its eligibleCandidates was replaced on the live path: LeagueConsole.java:506 and TradeMarket.java:660 now call NextYearKeepers.forThisLeague/roundsForThisLeague (today's fix). Remaining code callers are KeeperPlan.java:42 and OwnerLadder.java:277/298/345, neither in the loop.
KeeperDriftCheck	keeper	live	live	Prices every 2027 keeper candidate on the ADP curve as-is and shifted by the measured QB market gap (~12 picks), printing how much a QB keeper's surplus shrinks.	RUNBOOK.md:129 under 'Once a week, or when something looks wrong': './gradlew run -Pmain=KeeperDriftCheck # QB keeper values, priced on THIS league's board', and :135 'KeeperDriftCheck says by how much'. No code callers.
KeeperEligibility	keeper	archive	diagnostic	Lists who is keeping whom, how many consecutive years each has been kept, and how many years remain under the three-year cap.	README.md:40 only ('who is keeping whom, and for how long'). Not in RUNBOOK; no code callers. The consecutive-year cap now lives in NextYearKeepers (today's fix), which LeagueConsole/TradeMarket/KeeperDriftCheck read instead.
KeeperLedger	keeper	archive	stray	Every team's standalone keeper values from the full nine-round expectimax at reduced rollouts (search/evaluate split).	No root-doc reference by name (DIAGNOSTIC.md:377 says only 'the 10k ledger'). Code mentions in DraftPlanner.java:512, LeagueOutlook.java:42 and Keepers16.java:21 are comments; Keepers16's javadoc supersedes it: 'The keeper tools of August (KeeperPlan, KeeperLedger) valued a keeper on Model A's nine-round game'.
KeeperOrigin	keeper	diagnostic	diagnostic	For every declared keeper, did the keeping manager also draft him? Yields captureRate (0.88) that discounts StashValue's keeper term.	RUNBOOK.md:409 quotes the result ('KeeperOrigin shows Tuten was drafted by Hamrliks and acquired by trade - one of only three keepers in twenty-four'). Only code caller is StashValue.java:44/116 (captureRate), whose only consumer is the superseded LateWaitOrTake.
KeeperPlan	keeper	archive	diagnostic	V(keeper) - V(none) for every eligible keeper, each branch a DraftPlanner-optimised nine-round plan (Model A).	README.md:33-34; MODEL.md:181-206 ('C results ... KeeperPlan runs V(K) - V(none)'), :523/546. Not in RUNBOOK. Code refs (SelectionModel.java:211, ProjectionSources.java:17, Keepers16.java:21, LeagueOutlook.java:22) are comments. Keepers16 javadoc names it an August tool it replaces.
KeeperValuation	keeper	archive	diagnostic	Values a keeper against the nine skill starting slots: any keeper really costs the round-nine pick; defences never candidates.	README.md:39/69; MODEL.md:44 row D ('KeeperValuation v2 = V(K) - V(none)'). Not in RUNBOOK. Only code mention is Keepers16.java:25 (comment, '(KeeperValuation's stated rule)') which supersedes it with the sixteen-round objective.
KeeperWhy	keeper	archive	diagnostic	Decomposes one keeper's V(K)-V(none) by lineup slot group from any owner's seat, showing who mans QB in each branch.	MODEL.md:293-295 ('### KeeperWhy - keeper values, explained by slot (2026-08-25)'). Not in RUNBOOK; no code callers.
Keepers16	keeper	seasonal	diagnostic	Every owner's keeper candidates and best pair valued on the sixteen-round WeeklyStarterValue objective (injuries, defences, bench), report-only, writes data/keepers16-<date>.txt/.html.	DIAGNOSTIC.md:375 ('Keepers16 (2026-09-04, report-only; data/keepers16-<date>.txt + .html) is the keeper ...'), README.md:47/57. Not in RUNBOOK. Callers OwnerLadder.java and ObjectiveStability.java are themselves off the loop.
QbMarketGap	keeper	diagnostic	diagnostic	Keeper-adjusted surplus and drone-gap statistics measuring how far this league lets QBs fall relative to Sleeper ADP, per season.	RUNBOOK.md:137 ('Once a week' section) cites its measurement as the reason QB keeper surplus is overstated; MODEL.md:1079/1088/1139. KeeperDriftCheck.java:22,89 mention it in javadoc and output text only, no call.
WhoIsKept	keeper	archive	stray	Lists every keeper declared in the league, not just mine.	Javadoc: '/** Every keeper declared in this league, not just mine. */'. No reference in any root doc; no callers. Commit 5b39376 2026-08-31 'twenty-four men are already kept'.
DraftExpectation	league	seasonal	live	What each seat should have expected from its slot and keepers (room model drafts every seat from the pre-draft fixture) versus the roster actually drafted; writes data/draft-expectation-[date].txt/.html.	README.md:45 command line; DIAGNOSTIC.md:343,500. Not in RUNBOOK by name, but its static helpers are on the in-season path: StartSit.java:200 "playable.add(DraftExpectation.man(...))", SeasonLedger.java:205,286, OwnerLadder.java:126-386. Test: DraftExpectationTest.
LeagueOutlook	league	seasonal	diagnostic	Every manager's seat optimised by the expectimax from their slot with their keepers: ranking, slot-group breakdown, keeperless seat value and per-keeper deltas.	MODEL.md:628 ('### LeagueOutlook (2026-08-25, late): every seat optimized'), :631/742; README.md:31. Not in RUNBOOK (SeasonOutlook is the in-season tool at RUNBOOK.md:109). Code refs in PlayoffOdds.java:216 and DraftPlanner.java:513 are comments; RiskDial.java:54 only tells the user to run it first.
LeagueRules	league	archive	stray	Prints the league's roster_positions from Sleeper with which slots must be filled to score (written to refute a 'drop the TE scores +11' claim).	No reference in any root doc. The only code mention is a comment in RosterRules.java:27 ('LeagueRules.java reads it - QB RB RB WR WR WR TE FLEX FLEX DEF + 6 BN'); nothing calls it.
ManagerFeedTable	league	archive	stray	Per-manager mean log2 rank of their picks on each candidate feed, to guess which sheet each manager reads.	No reference in any root doc and no code callers (grep -w ManagerFeedTable over the nine root docs and src/main/java finds only the class itself).
ManagerProfiles	league	diagnostic	diagnostic	League positional bias vs ADP plus per-manager shrunk offsets, fitted through a season cutoff for leakage-free backtests.	MODEL.md:41 row A ('ManagerProfiles - per-manager positional timing fitted from 2021-25 with shrinkage'). Not in RUNBOOK. Callers DraftSimulator.java:1092 (fitThroughSeason), DraftBacktest, KeeperLedger, KeeperValuation, WaitOrTake, SlotValue are all August/research tools; the live tools fit BoostedSelectionModel.fitShipped instead (LiveLateRounds.java, LateSurvival.java).
OwnerLadder	league	seasonal	diagnostic	Every owner's four-rung ladder (seat alone, keepers as declared, best ledger pair, roster drafted) on the DraftExpectation yardstick, 200 sims per rung; report-only.	README.md:46 run line; DIAGNOSTIC.md:357,379 quote it; build.gradle:175-179. Called by Keepers16.java:255,274,291 (OwnerLadder.rungTrials), and Keepers16 is README-only (README.md:47), not in RUNBOOK.
PlayoffOdds	league	archive	stray	Bootstraps P(top six) as a function of a team's points deviation from the season league mean, from the league chain's completed team-seasons; measures the points-to-qualification conversion.	No root doc names PlayoffOdds; only caller RiskDial.java:57,65 (PlayoffOdds.history / inSeasonNoise), and RiskDial is itself in no doc. Archived outputs data/playoff-odds-*2026-08-29.txt. Not used by SeasonOutlook.
SeasonLedger	league	live	live	Appends each finished week (points by starters and bench, standings) and judges the bench question against a bar frozen with -Panchor before week 1.	RUNBOOK.md:101 under '## After the games': `./gradlew run -Pmain=SeasonLedger`; README.md:55; DIAGNOSTIC.md:489,495.
SeasonOutlook	league	live	live	Plays out the remaining real schedule from the measured 24.9 weekly spread to give playoff odds, the trigger for the buy/sell-for-keepers rule from week 7.	RUNBOOK.md:109 under '## From week 7 — am I still in it': `./gradlew run -Pmain=SeasonOutlook`.
TeamRankings	league	live	live	Every roster's best legal lineup (QB,2RB,3WR,TE,DEF,2FLEX exactly as BoardValue.lineup) scored on league projections and ranked; HTML in data/.	README.md:44. Called by LeagueConsole.java:166-175 (TeamRankings.Man, TeamRankings.bestLineup), StartSit, TradeMarket, SeasonOutlook (RUNBOOK.md:109), SeasonLedger, OwnerLadder. DIAGNOSTIC.md:324 'report-only'.
TradePartners	league	live	live	Who actually trades: per-manager completed-trade rates and pair counts from the league log, joined on roster_id per season.	RUNBOOK.md:131 (section 'Once a week, or when something looks wrong') './gradlew run -Pmain=TradePartners # who actually trades, from the log'. Called by LeagueConsole.java:585 'TradePartners.records(configuration.getLeagueID())' and SeasonOutlook.
GivenTradeAnalyzer	trade	archive	stray	Finds one --give/--take trade inside the tier .txt files TradeFinder writes.	No root .md names it, no caller, no test. It still runs (TradeFinder.java:352 "writeTier(fileStringStart + \"t\" + tier + fileString + \".txt\"...)" matches GivenTradeAnalyzer.java:70), but the in-season trade step is TradeMarket/LeagueConsole (RUNBOOK.md:60 'Tuesday — the trades', README.md:51).
TradeFinder	trade	archive	live	Enumerates single/double/triple swaps with every rival on projected starters, files them by how much they help the other side into tier files t0-t10.	build.gradle:115 "mainClass = project.findProperty('main') ?: 'TradeFinder'" (build default). README.md:37 'trades worth proposing'. TRAPS.md:814 says the in-season board 'which is genuinely different, is now `TradeMarket`'; TradeMarket.java javadoc links it. Not named in RUNBOOK.
TradeFinderThreeTeams	trade	archive	stray	Three-team trade permutation search over ScoredRoster (permutations of a-f built in a static block), no javadoc.	No reference in any root doc; no callers in src/main/java. Last commit 4379b86 2026-08-24 'Remove leftover debugging scaffolding'.
TradeMarket	trade	live	live	Every size-balanced swap with all eleven rivals priced on WeeklyStarterValue, shown only where both sides gain, with supply behind each piece and two-trade chains.	README.md:51 'IN SEASON'. Called by LeagueConsole.java:78-81,234 (TradeMarket.Step, TradeMarket.DEFAULT_POOL), TuesdaySwap, TradeStability, TradePartners, KeeperDriftCheck. RUNBOOK 'Tuesday - the trades' is the console tab it fills. TRAPS.md:1451,1527.
TradeStability	trade	live	live	Re-values the board's top trades under several seeds and reports the spread, so a recommended margin can be compared with the yardstick's own wobble.	RUNBOOK.md:132 './gradlew run -Pmain=TradeStability # are the board's numbers bigger than its noise'. LeagueConsole.java:629 cites its measured spread; NextYearKeepers references it. TRAPS.md:1224,1494.
DefenceThisWeek	weekly	live	live	Which defence to start this week by reproducing the streaming policy WireRateStress measured (free defence by preseason ADP through the lag, then best points-per-game over finished weeks).	README.md:54 "./gradlew run -Pmain=DefenceThisWeek # IN SEASON: which defence to start"; TRAPS.md:1029 "place to act on it is `DefenceThisWeek`, weekly". NOT named in RUNBOOK.md's in-season loop (grep finds no hit) and no caller in src/main/java — a sibling gap: the Sunday lineup section (RUNBOOK.md:25-43) never says to run it. Test: src/test/java/DefenceThisWeekTest.java.
FaabBid	weekly	live	live	What to bid from this league's own settled waiver contests (including failed claims): P(win|bid) times worth minus bid under a range of shadow dollar prices; -Pfit harvests the curve.	README.md:53 "./gradlew run -Pmain=FaabBid # IN SEASON: what to bid"; FAAB-PLAN.md:4,51,107. Called by the console: LeagueConsole.java:218 "int bid = FaabBid.bestBid(band, value, dollarCosts[c], budget);", LeagueConsole.java:365 "FaabBid.newestCurve()"; also TuesdaySwap, WireSurvival. Tests: FaabBidTest, FaabTieTest, LeagueConsoleTest.
InSeasonLearning	weekly	diagnostic	diagnostic	Tests whether a conjugate-normal in-season update of the preseason ranking beats preseason at pick level and at season level, on thirteen backtest seasons.	RESEARCH-PLAN.md:96-99 ('Everything below comes from InSeasonLearning ... ./gradlew run -Pmain=InSeasonLearning -q'), RESEARCH-PLAN.md:177/294, MODEL.md:5208 ('Independent confirmation, from a different method'). No code callers; not in RUNBOOK.
LateRoundTargets	weekly	archive	stray	Ranked 2027-keeper-option stash list: projected value minus round-R pick return, times measured hit rate, restricted to players surviving the nine-round simulation.	Superseded by a named replacement: DRAFT-READY.md:373 '7. The screen sent him to a tool that stops at pick 108. LateRoundTargets ...' and :375 'on-screen instructions now name LiveLateRounds'; RUNBOOK.md:377 'LateSurvival runs the board to round 16 (the old tool stopped at round 9 and so called everything safe)'; DraftNight.java:258 prints '(NOT LateRoundTargets - it never sets scheduleRounds=16'. No code caller invokes it (DraftPlanner.java:133 and LateSurvival javadoc are comments).
LeagueConsole	weekly	live	live	The weekly HTML page: lineup, defence, wire, precomputed FAAB bids and TradeMarket swaps shipped as data; the page computes nothing.	RUNBOOK.md:10 under 'Regenerate BOTH' at the top of the in-season loop: './gradlew run -Pmain=LeagueConsole'; README.md:50 'IN SEASON: one HTML page for the week'. TRAPS.md:996/1044/1446/1527.
LineupPromotion	weekly	diagnostic	live	Replays five seasons of real rosters under PRESEASON / FORM / ACTUAL / PERFECT lineup rules to value the bust-boom promotion channel; also exposes week() which parses /matchups/{week} into RosterWeek rows.	Main is a measurement (MODEL.md:5018 './gradlew run -Pmain=LineupPromotion what the channel is worth', :5106, :5226) but LineupPromotion.week() is called by SeasonLedger.java:184, and SeasonLedger is in RUNBOOK.md:101 ('After the games'). Live via that helper only.
ObjectiveStability	weekly	diagnostic	diagnostic	Builds WeeklyStarterValue under several seeds and prints per-man marginals and the worst seed-to-seed spread - the 6.8-point noise floor under Keepers16/console values.	README.md:57 run line; TRAPS.md:955,1230,1275; DIAGNOSTIC.md:398; build.gradle:186,220. LeagueConsole.java:47,408, TuesdaySwap.java:42,282, TradeMarket.java:1226 cite its floor in comments/strings only - no ObjectiveStability. call in src (grep). Not in RUNBOOK.
OutcomeDistributions	weekly	diagnostic	live	Per-player week-by-week season outcome cells (availability and scoring separated), leave-one-out pool keyed by rank; the sampling substrate of WeeklyStarterValue.	WeeklyStarterValue.java uses OutcomeDistributions 19 times (the weekly-starter objective behind LeagueConsole/TuesdaySwap/TradeMarket); RiskDiscountedValue.java:323 'OutcomeDistributions.all()'. MODEL.md:4306, TRAPS.md:609, build.gradle:191. Its own main() is the Phase-1 report.
ProjectionDrift	weekly	live	live	Compares archived daily season-projection snapshots to report whether the feed still moves once games are played (raw counts and biggest movers, no verdict).	RUNBOOK.md:130 under 'Once a week, or when something looks wrong': './gradlew run -Pmain=ProjectionDrift'; RUNBOOK.md:144 'Run `ProjectionDrift` once real games are played.'
PromotionBehaviour	weekly	diagnostic	diagnostic	Reads five seasons of the league transaction log to measure how fast real managers promote bench boomers / drop busts, as the observation behind WeeklyStarterValue's promotion channel.	MODEL.md:5017 bust-and-boom section lists `./gradlew run -Pmain=PromotionBehaviour what the twelve humans really did`; only code reference is a javadoc mention in LineupPromotion.java:21 (no call). Not in RUNBOOK.
StartSit	weekly	live	live	The best legal ten from league-scored week projections, with the measured coin-flip band (-Pcalibrate writes data/start-sit-flip-<date>.txt) and byes/absent men kept apart from low projections.	README.md:48 'IN SEASON: the lineup to set this week'. Called by LeagueConsole.java:108,165,257 (StartSit.Man, StartSit.Flip) which builds the console page RUNBOOK 'Sunday, ninety minutes before kickoff' reads. TRAPS #91 and TRAPS.md:1289.
TuesdaySwap	weekly	live	live	Tuesday waiver search over (add, drop) pairs on WeeklyStarterValue with DO NOTHING as default; prints the data stamp and the claim FaabBid prices.	RUNBOOK.md:9 './gradlew run -Pmain=TuesdaySwap' under 'Regenerate BOTH'. README.md:49. LeagueConsole.java:45 'the same {@link TuesdaySwap#search} the terminal tool runs'; FaabBid.java:253, DataStamp.java:17. TRAPS.md:963,1021.
WireRateStress	weekly	diagnostic	live	Measures what a hindsight-free defence streaming policy actually yields versus wireRates' top-quartile-of-realised number; defines the policy DefenceThisWeek runs.	README.md:54 'DefenceThisWeek # IN SEASON: which defence to start, running the policy WireRateStress actually measured'. DefenceThisWeek.java:23,60,163 ('departure from {@link WireRateStress#form}'); called by WeeklyStarterValue, PlanBacktest, Keepers16. DIAGNOSTIC.md:403, MODEL.md:4954, TRAPS #81.
WireSurvival	weekly	diagnostic	stray	Hazard of a dropped man being claimed as a function of days sat unclaimed, from drop/add timestamps, to test the conditional-probability argument FaabBid cannot make.	No reference in any root doc (FAAB-PLAN.md included) by name; no callers in src/main/java. Added 81e616c 2026-09-08 for Justin's 2026-09-07 $0 claim question. Newest tool; likely wants a FAAB-PLAN/RUNBOOK mention or a FaabBid hook rather than deletion.
