name,position,Yahoo,Sleeper,RTSports,AVG
Christian McCaffrey,RB,1,1,1,1.0
CeeDee Lamb,WR,2,2,2,2.0
Tyreek Hill,WR,3,3,3,3.0
Breece Hall,RB,4,8,4,5.3
Justin Jefferson,WR,7,4,6,5.7
Ja'Marr Chase,WR,5,5,7,5.7
Bijan Robinson,RB,6,7,5,6.0
Amon-Ra St. Brown,WR,8,6,8,7.3
A.J. Brown,WR,10,9,10,9.7
Jonathan Taylor,RB,9,13,11,11.0
Saquon Barkley,RB,11,14,9,11.3
Jahmyr Gibbs,RB,13,10,13,12.0
Puka Nacua,WR,14,11,12,12.3
Garrett Wilson,WR,12,12,14,12.7
Kyren Williams,RB,16,16,18,16.7
Marvin Harrison Jr.,WR,17,15,19,17.0
Davante Adams,WR,18,17,16,17.0
Travis Etienne Jr.,RB,21,20,15,18.7
Derrick Henry,RB,15,25,20,20.0
Josh Allen,QB,20,19,23,20.7
De'Von Achane,RB,29,23,17,23.0
Drake London,WR,31,18,21,23.3
Chris Olave,WR,22,21,29,24.0
Josh Jacobs,RB,24,26,22,24.0
Isiah Pacheco,RB,19,32,24,25.0
Sam LaPorta,TE,25,24,27,25.3
Travis Kelce,TE,23,27,31,27.0
Deebo Samuel Sr.,WR,30,30,26,28.7
Brandon Aiyuk,WR,26,22,40,29.3
Nico Collins,WR,36,28,28,30.7
Mike Evans,WR,27,29,39,31.7
Jalen Hurts,QB,32,31,33,32.0
Patrick Mahomes II,QB,28,35,34,32.3
Rachaad White,RB,33,39,30,34.0
Jaylen Waddle,WR,37,34,37,36.0
Michael Pittman Jr.,WR,45,40,25,36.7
Stefon Diggs,WR,44,33,35,37.3
Lamar Jackson,QB,34,37,41,37.3
DK Metcalf,WR,39,41,36,38.7
James Cook,RB,42,44,32,39.3
Cooper Kupp,WR,38,42,38,39.3
DJ Moore,WR,40,36,44,40.0
Joe Mixon,RB,35,47,45,42.3
Kenneth Walker III,RB,46,49,43,46.0
C.J. Stroud,QB,41,45,53,46.3
DeVonta Smith,WR,53,43,46,47.3
Alvin Kamara,RB,49,53,42,48.0
Mark Andrews,TE,48,48,48,48.0
Trey McBride,TE,52,46,47,48.3
Anthony Richardson,QB,43,54,52,49.7
Dalton Kincaid,TE,57,51,49,52.3
Amari Cooper,WR,50,57,55,54.0
Malik Nabers,WR,68,38,57,54.3
Aaron Jones,RB,51,59,54,54.7
Tee Higgins,WR,60,55,58,57.7
George Pickens,WR,69,56,50,58.3
Zay Flowers,WR,66,50,59,58.3
Rhamondre Stevenson,RB,59,69,51,59.7
James Conner,RB,58,61,62,60.3
Joe Burrow,QB,55,63,65,61.0
David Montgomery,RB,47,65,73,61.7
George Kittle,TE,54,62,69,61.7
Kyle Pitts,TE,61,58,66,61.7
D'Andre Swift,RB,71,67,56,64.7
Tank Dell,WR,63,52,80,65.0
Zamir White,RB,64,77,61,67.3
Kyler Murray,QB,56,73,75,68.0
Keenan Allen,WR,76,60,68,68.0
Najee Harris,RB,67,75,63,68.3
Dak Prescott,QB,62,74,72,69.3
Evan Engram,TE,72,71,70,71.0
Christian Kirk,WR,78,64,74,72.0
Terry McLaurin,WR,79,66,71,72.0
Jordan Love,QB,73,85,60,72.7
Raheem Mostert,RB,65,84,79,76.0
Chris Godwin,WR,90,78,67,78.3
Zack Moss,RB,83,92,64,79.7
Jayden Reed,WR,92,70,88,83.3
Calvin Ridley,WR,93,81,78,84.0
Hollywood Brown,WR,85,79,89,84.3
Tony Pollard,RB,89,83,83,85.0
Jake Ferguson,TE,77,89,90,85.3
Nick Chubb,RB,86,90,86,87.3
Jaylen Warren,RB,91,97,77,88.3
David Njoku,TE,87,88,91,88.7
Diontae Johnson,WR,98,91,84,91.0
Devin Singletary,RB,95,103,76,91.3
Rashee Rice,WR,100,82,92,91.3
Jonathon Brooks,RB,107,87,81,91.7
Brock Purdy,QB,81,100,96,92.3
Austin Ekeler,RB,101,98,82,93.7
DeAndre Hopkins,WR,103,94,85,94.0
Jordan Addison,WR,104,72,107,94.3
Brian Robinson Jr.,RB,96,107,87,96.7
Xavier Worthy,WR,117,76,98,97.0
Javonte Williams,RB,105,93,95,97.7
Rome Odunze,WR,99,68,129,98.7
Ladd McConkey,WR,122,86,97,101.7
Brock Bowers,TE,116,80,111,102.3
Tua Tagovailoa,QB,97,105,106,102.7
Jared Goff,QB,102,112,99,104.3
Christian Watson,WR,120,101,93,104.7
Tyjae Spears,RB,113,108,94,105.0
Trey Benson,RB,112,104,100,105.3
Caleb Williams,QB,118,95,105,106.0
Dallas Goedert,TE,109,106,110,108.3
Jayden Daniels,QB,114,113,101,109.3
Ezekiel Elliott,RB,110,116,102,109.3
Gus Edwards,RB,115,110,119,114.7
Keon Coleman,WR,138,99,112,116.3
Justin Herbert,QB,124,118,108,116.7
Jaxon Smith-Njigba,WR,140,102,109,117.0
Courtland Sutton,WR,125,115,116,118.7
Blake Corum,RB,137,117,103,119.0
T.J. Hockenson,TE,130,111,117,119.3
Jerome Ford,RB,131,124,104,119.7
Dalton Schultz,TE,126,114,126,122.0
Chase Brown,RB,133,123,113,123.0
Jameson Williams,WR,142,109,121,124.0
Brian Thomas Jr.,WR,153,96,128,125.7
Trevor Lawrence,QB,135,125,120,126.7
Curtis Samuel,WR,149,121,115,128.3
Zach Charbonnet,RB,154,127,118,133.0
Tyler Lockett,WR,136,122,142,133.3
Kirk Cousins,QB,143,134,125,134.0
Cole Kmet,TE,148,128,127,134.3
San Francisco 49ers,DST,70,157,179,135.3
Pat Freiermuth,TE,156,129,122,135.7
Matthew Stafford,QB,141,136,132,136.3
Khalil Shakir,WR,151,126,133,136.7
Aaron Rodgers,QB,146,139,136,140.3
New York Jets,DST,80,168,174,140.7
J.K. Dobbins,RB,171,145,114,143.3
Jakobi Meyers,WR,175,130,135,146.7
Jerry Jeudy,WR,180,135,130,148.3
Baltimore Ravens,DST,74,207,165,148.7
Dallas Cowboys,DST,82,208,158,149.3
Chuba Hubbard,RB,176,138,134,149.3
Romeo Doubs,WR,186,119,148,151.0
Rico Dowdle,RB,182,148,123,151.0
Josh Downs,WR,157,142,155,151.3
Brandin Cooks,WR,158,147,149,151.3
Jaylen Wright,RB,172,144,140,152.0
Baker Mayfield,QB,160,153,144,152.3
Rashid Shaheed,WR,169,133,156,152.7
Justin Tucker,K,75,229,157,153.7
Ty Chandler,RB,187,150,124,153.7
Brandon Aubrey,K,84,231,150,155.0
Mike Williams,WR,184,131,151,155.3
MarShawn Lloyd,RB,181,149,137,155.7
Antonio Gibson,RB,167,158,143,156.0
Joshua Palmer,WR,199,140,131,156.7
Jahan Dotson,WR,174,152,147,157.7
Gabe Davis,WR,189,143,146,159.3
J.J. McCarthy,QB,127,167,187,160.3
Adonai Mitchell,WR,188,120,175,161.0
Deshaun Watson,QB,178,160,145,161.0
Kimani Vidal,RB,185,165,138,162.7
Kendre Miller,RB,195,141,153,163.0
Dontayvion Wicks,WR,168,155,168,163.7
Luke Musgrave,TE,201,137,154,164.0
Harrison Butker,K,88,230,176,164.7
Xavier Legette,WR,191,132,171,164.7
Cleveland Browns,DST,94,214,190,166.0
Adam Thielen,WR,163,173,163,166.3
Jaleel McLaughlin,RB,194,166,141,167.0
Tyler Allgeier,RB,190,159,152,167.0
Will Levis,QB,166,175,162,167.7
Geno Smith,QB,162,178,164,168.0
Russell Wilson,QB,128,211,183,174.0
Bo Nix,QB,129,203,193,175.0
Elijah Mitchell,RB,173,182,172,175.7
Isaiah Likely,TE,161,172,199,177.3
Kansas City Chiefs,DST,108,210,223,180.3
Tyler Conklin,TE,183,181,177,180.3
Pittsburgh Steelers,DST,121,213,208,180.7
Hunter Henry,TE,207,169,166,180.7
Miami Dolphins,DST,119,216,209,181.3
Jake Elliott,K,111,235,202,182.7
Dameon Pierce,RB,170,186,192,182.7
Ka'imi Fairbairn,K,106,260,185,183.7
Ricky Pearsall,WR,179,151,221,183.7
Justin Fields,QB,132,222,204,186.0
Khalil Herbert,RB,177,189,195,187.0
Chigoziem Okonkwo,TE,211,183,181,191.7
Cade Otton,TE,213,163,200,192.0
Jake Moody,K,123,257,214,198.0
Buffalo Bills,DST,150,265,189,201.3
Ben Sinnott,TE,202,162,241,201.7
Noah Fant,TE,205,197,207,203.0
AJ Dillon,RB,145,244,225,204.7
Taysom Hill,TE,,154,160,157.0
Younghoe Koo,K,155,233,230,206.0
Michael Wilson,WR,,177,139,158.0
Philadelphia Eagles,DST,152,217,252,207.0
Odell Beckham Jr.,WR,134,218,276,209.3
Jason Sanders,K,147,258,228,211.0
Ray Davis,RB,,170,161,165.5
Evan McPherson,K,139,232,263,211.3
Tyrone Tracy Jr.,RB,,176,159,167.5
Quentin Johnston,WR,,156,180,168.0
Tyler Bass,K,159,234,248,213.7
Troy Franklin,WR,,146,194,170.0
Darnell Mooney,WR,,171,184,177.5
Bucky Irving,RB,,187,169,178.0
Ja'Lynn Polk,WR,,161,198,179.5
Roschon Johnson,RB,,191,173,182.0
Braelon Allen,RB,,180,188,184.0
Derek Carr,QB,,202,167,184.5
Daniel Jones,QB,,201,170,185.5
DeMario Douglas,WR,,174,197,185.5
Jermaine Burton,WR,,179,196,187.5
Tampa Bay Buccaneers,DST,198,224,256,226.0
Bryce Young,QB,,194,182,188.0
Dawson Knox,TE,144,255,287,228.7
Las Vegas Raiders,DST,197,268,222,229.0
Houston Texans,DST,206,267,217,230.0
Audric Estime,RB,,198,191,194.5
Drake Maye,QB,,185,211,198.0
Clyde Edwards-Helaire,RB,,193,205,199.0
Roman Wilson,WR,,164,235,199.5
Jonnu Smith,TE,,215,186,200.5
New England Patriots,DST,165,262,278,235.0
Wan'Dale Robinson,WR,,199,206,202.5
Rashod Bateman,WR,,192,216,204.0
Daniel Carlson,K,196,266,250,237.3
Alexander Mattison,RB,,200,213,206.5
Cameron Dicker,K,216,263,243,240.7
Detroit Lions,DST,200,259,266,241.7
Marvin Mims Jr.,WR,,188,237,212.5
Seattle Seahawks,DST,209,228,296,244.3
Jason Myers,K,210,296,229,245.0
Ja'Tavion Sanders,TE,,195,240,217.5
New Orleans Saints,DST,220,261,257,246.0
Will Shipley,RB,,206,231,218.5
Mike Gesicki,TE,,219,218,218.5
Matt Gay,K,215,,227,221.0
Keaton Mitchell,RB,,205,239,222.0
Indianapolis Colts,DST,218,299,234,250.3
Demarcus Robinson,WR,,196,254,225.0
Gardner Minshew II,QB,,253,201,227.0
D'Onta Foreman,RB,,241,215,228.0
Chicago Bears,DST,214,290,262,255.3
Malachi Corley,WR,,184,281,232.5
Greg Zuerlein,K,212,,253,232.5
Tank Bigsby,RB,,223,242,232.5
Chris Boswell,K,164,,,164.0
Luke McCaffrey,WR,,190,277,233.5
Greg Dulcich,TE,,243,224,233.5
Dustin Hopkins,K,208,,260,234.0
Cincinnati Bengals,DST,217,,255,236.0
Juwan Johnson,TE,,221,251,236.0
Cairo Santos,K,204,,273,238.5
Tucker Kraft,TE,,220,258,239.0
Zach Ertz,TE,,247,232,239.5
Samaje Perine,RB,,,178,178.0
Theo Johnson,TE,,238,245,241.5
Isaac Guerendo,RB,,204,285,244.5
Minnesota Vikings,DST,219,270,,244.5
Michael Mayer,TE,,226,265,245.5
Matt Prater,K,193,,,193.0
Jalen McMillan,WR,,209,288,248.5
Sam Darnold,QB,,278,219,248.5
Green Bay Packers,DST,203,295,,249.0
Kenneth Gainwell,RB,,287,212,249.5
Aidan O'Connell,QB,,285,220,252.5
Jacoby Brissett,QB,,,203,203.0
Colby Parkinson,TE,,237,269,253.0
Zay Jones,WR,,227,280,253.5
Michael Penix Jr.,QB,,274,233,253.5
Javon Baker,WR,,212,297,254.5
Jelani Woods,TE,,236,275,255.5
Dylan Laube,RB,,245,267,256.0
Kareem Hunt,RB,,,210,210.0
Jalin Hyatt,WR,,249,264,256.5
Tyler Boyd,WR,,252,261,256.5
Miles Sanders,RB,,291,226,258.5
New York Giants,DST,,271,247,259.0
DJ Chark Jr.,WR,,250,268,259.0
Hayden Hurst,TE,,281,238,259.5
Daniel Bellinger,TE,,284,236,260.0
Jacksonville Jaguars,DST,221,301,,261.0
Denver Broncos,DST,222,,,222.0
Washington Commanders,DST,,225,,225.0
Elijah Moore,WR,,248,282,265.0
Jamaal Williams,RB,,288,244,266.0
Jalen Tolbert,WR,,240,295,267.5
Devontez Walker,WR,,246,294,270.0
Greg Dortch,WR,,239,,239.0
Darius Slayton,WR,,251,291,271.0
Justice Hill,RB,,273,270,271.5
Brenden Rice,WR,,242,,242.0
Royce Freeman,RB,,,246,246.0
Michael Thomas,WR,,,249,249.0
Kendrick Bourne,WR,,254,298,276.0
Rondale Moore,WR,,256,299,277.5
Trey Sermon,RB,,269,289,279.0
Dalvin Cook,RB,,,259,259.0
K.J. Osborn,WR,,286,279,282.5
Tennessee Titans,DST,,264,,264.0
Jordan Mason,RB,,,271,271.0
Jonathan Mingo,WR,,282,292,287.0
Chase Claypool,WR,,272,,272.0
Calvin Austin III,WR,,,272,272.0
Jauan Jennings,WR,,,274,274.0
Los Angeles Chargers,DST,,294,283,288.5
Josh Reynolds,WR,,275,,275.0
Evan Hull,RB,,276,302,289.0
Malik Washington,WR,,277,,277.0
Deuce Vaughn,RB,,279,,279.0
Tre Tucker,WR,,280,,280.0
Rasheen Ali,RB,,283,303,293.0
Alec Pierce,WR,,,284,284.0
Deneric Prince,RB,,,286,286.0
A.T. Perry,WR,,289,,289.0
Eric Gray,RB,,,290,290.0
Treylon Burks,WR,,292,,292.0
Jerick McKinnon,RB,,,293,293.0
Trey Palmer,WR,,293,,293.0
Xavier Gipson,WR,,297,,297.0
Los Angeles Rams,DST,,298,,298.0
Allen Lazard,WR,,,300,300.0
Tristan Vizcaino,K,,300,,300.0
Ty Johnson,RB,,,301,301.0
Louis Rees-Zammit,RB,,303,,303.0
Cam Akers,RB,,,304,304.0
