name,position,MFL,Fantrax,RTSports,FFC,Sleeper,AVG
Jonathan Taylor,RB,,,1,,1,1.0
Christian McCaffrey,RB,,,2,,3,2.5
Austin Ekeler,RB,,,3,,4,3.5
Derrick Henry,RB,,,8,,2,5.0
Justin Jefferson,WR,,,4,,8,6.0
Dalvin Cook,RB,,,7,,5,6.0
Cooper Kupp,WR,,,5,,7,6.0
Najee Harris,RB,,,6,,6,6.0
Joe Mixon,RB,,,11,,9,10.0
Ja'Marr Chase,WR,,,9,,11,10.0
D'Andre Swift,RB,,,10,,15,12.5
Davante Adams,WR,,,15,,12,13.5
Alvin Kamara,RB,,,14,,14,14.0
Travis Kelce,TE,,,16,,13,14.5
Stefon Diggs,WR,,,13,,16,14.5
Nick Chubb,RB,,,20,,10,15.0
Saquon Barkley,RB,,,12,,18,15.0
Javonte Williams,RB,,,17,,22,19.5
Josh Allen,QB,,,19,,20,19.5
Aaron Jones,RB,,,23,,17,20.0
Deebo Samuel,WR,,,18,,23,20.5
CeeDee Lamb,WR,,,22,,19,20.5
Tyreek Hill,WR,,,24,,21,22.5
Leonard Fournette,RB,,,21,,25,23.0
Mark Andrews,TE,,,25,,24,24.5
Mike Evans,WR,,,26,,27,26.5
Ezekiel Elliott,RB,,,28,,26,27.0
James Conner,RB,,,27,,28,27.5
A.J. Brown,WR,,,29,,30,29.5
Patrick Mahomes II,QB,,,31,,29,30.0
Kyle Pitts,TE,,,32,,32,32.0
Keenan Allen,WR,,,34,,31,32.5
Justin Herbert,QB,,,35,,33,34.0
Michael Pittman Jr.,WR,,,30,,39,34.5
Tee Higgins,WR,,,36,,34,35.0
Travis Etienne Jr.,RB,,,33,,40,36.5
Cam Akers,RB,,,38,,35,36.5
David Montgomery,RB,,,37,,37,37.0
Breece Hall,RB,,,44,,38,41.0
DJ Moore,WR,,,39,,43,41.0
George Kittle,TE,,,48,,36,42.0
Courtland Sutton,WR,,,40,,48,44.0
Lamar Jackson,QB,,,47,,42,44.5
Mike Williams,WR,,,43,,46,44.5
Terry McLaurin,WR,,,50,,41,45.5
Elijah Mitchell,RB,,,41,,56,48.5
Josh Jacobs,RB,,,53,,44,48.5
Darren Waller,TE,,,52,,45,48.5
J.K. Dobbins,RB,,,46,,51,48.5
Diontae Johnson,WR,,,49,,49,49.0
AJ Dillon,RB,,,45,,58,51.5
DK Metcalf,WR,,,58,,47,52.5
Jaylen Waddle,WR,,,57,,50,53.5
Kyler Murray,QB,,,56,,53,54.5
Jalen Hurts,QB,,,51,,63,57.0
Antonio Gibson,RB,,,64,,52,58.0
Allen Robinson II,WR,,,59,,57,58.0
Joe Burrow,QB,,,63,,54,58.5
Amon-Ra St. Brown,WR,,,55,,68,61.5
Dalton Schultz,TE,,,65,,60,62.5
Brandin Cooks,WR,,,62,,65,63.5
Gabriel Davis,WR,,,54,,74,64.0
Marquise Brown,WR,,,68,,61,64.5
Chris Godwin,WR,,,66,,64,65.0
Clyde Edwards-Helaire,RB,,,74,,59,66.5
Jerry Jeudy,WR,,,80,,55,67.5
Michael Thomas,WR,,,69,,66,67.5
Dameon Pierce,RB,,,42,,94,68.0
Darnell Mooney,WR,,,60,,76,68.0
Adam Thielen,WR,,,71,,70,70.5
Amari Cooper,WR,,,83,,62,72.5
T.J. Hockenson,TE,,,78,,67,72.5
JuJu Smith-Schuster,WR,,,73,,72,72.5
Chase Edmonds,RB,,,61,,87,74.0
Tom Brady,QB,,,76,,75,75.5
Tony Pollard,RB,,,70,,84,77.0
Russell Wilson,QB,,,82,,73,77.5
Cordarrelle Patterson,RB,,,77,,79,78.0
Rashaad Penny,RB,,,67,,90,78.5
Miles Sanders,RB,,,86,,71,78.5
Devin Singletary,RB,,,75,,82,78.5
Damien Harris,RB,,,89,,69,79.0
Dallas Goedert,TE,,,81,,77,79.0
Rashod Bateman,WR,,,79,,80,79.5
Kareem Hunt,RB,,,85,,78,81.5
Dak Prescott,QB,,,84,,83,83.5
Rhamondre Stevenson,RB,,,72,,99,85.5
DeAndre Hopkins,WR,,,87,,85,86.0
Aaron Rodgers,QB,,,92,,88,90.0
Elijah Moore,WR,,,90,,92,91.0
Ken Walker III,RB,,,102,,81,91.5
Allen Lazard,WR,,,88,,95,91.5
DeVonta Smith,WR,,,93,,91,92.0
Drake London,WR,,,101,,89,95.0
Hunter Renfrow,WR,,,97,,93,95.0
Brandon Aiyuk,WR,,,94,,97,95.5
Dawson Knox,TE,,,108,,86,97.0
Melvin Gordon III,RB,,,96,,98,97.0
Zach Ertz,TE,,,99,,96,97.5
Christian Kirk,WR,,,91,,108,99.5
Matthew Stafford,QB,,,100,,100,100.0
James Cook,RB,,,98,,103,100.5
Robert Woods,WR,,,95,,109,102.0
Trey Lance,QB,,,103,,105,104.0
Chris Olave,WR,,,109,,104,106.5
Derek Carr,QB,,,105,,111,108.0
James Robinson,RB,,,104,,115,109.5
Tyler Lockett,WR,,,113,,106,109.5
Treylon Burks,WR,,,121,,102,111.5
Pat Freiermuth,TE,,,114,,110,112.0
George Pickens,WR,,,107,,121,114.0
Michael Carter,RB,,,111,,117,114.0
Darrell Henderson Jr.,RB,,,110,,123,116.5
Chase Claypool,WR,,,123,,114,118.5
Cole Kmet,TE,,,115,,122,118.5
Kirk Cousins,QB,,,106,,132,119.0
Alexander Mattison,RB,,,120,,118,119.0
Skyy Moore,WR,,,125,,116,120.5
Kadarius Toney,WR,,,117,,124,120.5
Buffalo Bills,DST,,,138,,107,122.5
Justin Tucker,K,,,149,,101,125.0
Nyheim Hines,RB,,,116,,136,126.0
Kenneth Gainwell,RB,,,112,,148,130.0
Tampa Bay Buccaneers,DST,,,144,,119,131.5
Michael Gallup,WR,,,124,,139,131.5
Garrett Wilson,WR,,,153,,113,133.0
Mike Gesicki,TE,,,150,,120,135.0
Tua Tagovailoa,QB,,,126,,145,135.5
Hunter Henry,TE,,,130,,141,135.5
Julio Jones,WR,,,142,,130,136.0
Rachaad White,RB,,,127,,146,136.5
Tyler Boyd,WR,,,132,,142,137.0
Marquez Valdes-Scantling,WR,,,151,,125,138.0
Tyler Allgeier,RB,,,129,,147,138.0
Brian Robinson Jr.,RB,,,141,,137,139.0
Raheem Mostert,RB,,,119,,163,141.0
Evan McPherson,K,,,174,,112,143.0
Khalil Herbert,RB,,,137,,149,143.0
Justin Fields,QB,,,128,,159,143.5
San Francisco 49ers,DST,,,164,,126,145.0
Indianapolis Colts,DST,,,156,,134,145.0
Daniel Carlson,K,,,168,,128,148.0
Jarvis Landry,WR,,,146,,150,148.0
Jamaal Williams,RB,,,133,,164,148.5
Trevor Lawrence,QB,,,131,,167,149.0
Jameis Winston,QB,,,139,,162,150.5
Isaiah Spiller,RB,,,171,,133,152.0
DJ Chark Jr.,WR,,,136,,174,155.0
Tyler Bass,K,,,182,,129,155.5
Romeo Doubs,WR,,,157,,154,155.5
Irv Smith Jr.,TE,,,135,,177,156.0
Russell Gage,WR,,,140,,173,156.5
Jahan Dotson,WR,,,147,,166,156.5
J.D. McKissic,RB,,,122,,195,158.5
Albert Okwuegbunam,TE,,,178,,140,159.0
Los Angeles Rams,DST,,,188,,131,159.5
Harrison Butker,K,,,199,,127,163.0
David Njoku,TE,,,162,,165,163.5
Matt Gay,K,,,185,,143,164.0
Zamir White,RB,,,145,,184,164.5
DeVante Parker,WR,,,170,,160,165.0
Matt Ryan,QB,,,143,,188,165.5
Jakobi Meyers,WR,,,134,,198,166.0
Robert Tonyan,TE,,,148,,185,166.5
Isaiah McKenzie,WR,,,152,,181,166.5
New Orleans Saints,DST,,,197,,138,167.5
Rondale Moore,WR,,,163,,176,169.5
Mark Ingram II,RB,,,177,,168,172.5
Noah Fant,TE,,,159,,203,181.0
Matt Prater,K,,,219,,144,181.5
Mac Jones,QB,,,173,,191,182.0
Kenny Golladay,WR,,,184,,180,182.0
Dallas Cowboys,DST,,,209,,157,183.0
Joshua Palmer,WR,,,161,,207,184.0
Mecole Hardman,WR,,,179,,192,185.5
Tyler Higbee,TE,,,204,,171,187.5
Nico Collins,WR,,,165,,212,188.5
Denver Broncos,DST,,,195,,182,188.5
Los Angeles Chargers,DST,,,225,,156,190.5
Baker Mayfield,QB,,,176,,205,190.5
Deshaun Watson,QB,,,183,,199,191.0
Mike Davis,RB,,,180,,204,192.0
Ryan Tannehill,QB,,,166,,219,192.5
D'Onta Foreman,RB,,,192,,193,192.5
Brandon McManus,K,,,234,,152,193.0
Jalen Tolbert,WR,,,186,,200,193.0
New England Patriots,DST,,,220,,169,194.5
Kenny Pickett,QB,,,181,,208,194.5
Alec Pierce,WR,,,189,,202,195.5
Christian Watson,WR,,,233,,161,197.0
Darrel Williams,RB,,,172,,223,197.5
Pittsburgh Steelers,DST,,,246,,151,198.5
Gerald Everett,TE,,,202,,196,199.0
Jameson Williams,WR,,,212,,187,199.5
Green Bay Packers,DST,,,217,,183,200.0
Tyrion Davis-Price,RB,,,200,,201,200.5
Zach Wilson,QB,,,154,,248,201.0
Baltimore Ravens,DST,,,245,,158,201.5
Jared Goff,QB,,,158,,245,201.5
Tennessee Titans,DST,,,270,,135,202.5
Daniel Jones,QB,,,175,,231,203.0
Chuba Hubbard,RB,,,218,,189,203.5
Odell Beckham Jr.,WR,,,198,,211,204.5
Wan'Dale Robinson,WR,,,203,,210,206.5
Younghoe Koo,K,,,261,,153,207.0
Marlon Mack,RB,,,235,,179,207.0
Wil Lutz,K,,,229,,186,207.5
Jeff Wilson Jr.,RB,,,191,,226,208.5
K.J. Osborn,WR,,,205,,215,210.0
Sammy Watkins,WR,,,236,,190,213.0
Evan Engram,TE,,,206,,220,213.0
Parris Campbell,WR,,,193,,235,214.0
Hayden Hurst,TE,,,215,,217,216.0
Rodrigo Blankenship,K,,,262,,172,217.0
Nick Folk,K,,,259,,175,217.0
Eno Benjamin,RB,,,208,,227,217.5
Mitch Trubisky,QB,,,155,,,155.0
Isiah Pacheco,RB,,,,,155,155.0
Miami Dolphins,DST,,,224,,214,219.0
KJ Hamler,WR,,,231,,209,220.0
Kenyan Drake,RB,,,207,,234,220.5
Davis Mills,QB,,,160,,,160.0
Ronald Jones II,RB,,,272,,170,221.0
Dontrell Hilliard,RB,,,214,,228,221.0
Austin Hooper,TE,,,227,,218,222.5
Isaiah Likely,TE,,,221,,225,223.0
Ryan Succop,K,,,241,,206,223.5
Carson Wentz,QB,,,167,,,167.0
Marcus Mariota,QB,,,169,,,169.0
Philadelphia Eagles,DST,,,257,,194,225.5
Kansas City Chiefs,DST,,,222,,232,227.0
Cleveland Browns,DST,,,242,,213,227.5
Minnesota Vikings,DST,,,226,,229,227.5
Robbie Anderson,WR,,,216,,243,229.5
Washington Commanders,DST,,,,,178,178.0
Marvin Jones Jr.,WR,,,223,,240,231.5
Dustin Hopkins,K,,,240,,224,232.0
Jacoby Brissett,QB,,,187,,,187.0
Geno Smith,QB,,,190,,,190.0
Gus Edwards,RB,,,253,,222,237.5
Taysom Hill,TE,,,238,,237,237.5
Jimmy Garoppolo,QB,,,194,,,194.0
Logan Thomas,TE,,,196,,,196.0
Cameron Brate,TE,,,239,,239,239.0
Robbie Gould,K,,,,,197,197.0
Ameer Abdullah,RB,,,201,,,201.0
Desmond Ridder,QB,,,210,,,210.0
Jerick McKinnon,RB,,,211,,,211.0
Myles Gaskin,RB,,,213,,,213.0
Seattle Seahawks,DST,,,,,216,216.0
Sony Michel,RB,,,260,,238,249.0
Hassan Haskins,RB,,,278,,221,249.5
Ke'Shawn Vaughn,RB,,,228,,,228.0
David Bell,WR,,,266,,244,255.0
Kyle Rudolph,TE,,,,,230,230.0
Greg Joseph,K,,,230,,,230.0
Joshua Kelley,RB,,,232,,,232.0
Las Vegas Raiders,DST,,,,,233,233.0
Donovan Peoples-Jones,WR,,,275,,241,258.0
Van Jefferson,WR,,,271,,246,258.5
Randall Cobb,WR,,,,,236,236.0
Corey Davis,WR,,,237,,,237.0
A.J. Green,WR,,,276,,247,261.5
Boston Scott,RB,,,243,,,243.0
D'Ernest Johnson,RB,,,244,,,244.0
Mo Alie-Cox,TE,,,247,,,247.0
Matt Breida,RB,,,248,,,248.0
Devontae Booker,RB,,,,,249,249.0
Laviska Shenault Jr.,WR,,,249,,,249.0
Rex Burkhead,RB,,,250,,,250.0
Jacob Harris,TE,,,,,250,250.0
Paxton Lynch,QB,,,,,251,251.0
Trey Sermon,RB,,,251,,,251.0
Alec Ingold,RB,,,,,252,252.0
Marquez Callaway,WR,,,252,,,252.0
Equanimeous St. Brown,WR,,,,,253,253.0
Malik Williams,RB,,,,,254,254.0
Chris Evans,RB,,,254,,,254.0
Temuchin Hodges,TE,,,,,255,255.0
Malik Willis,QB,,,255,,,255.0
Jake Elliott,K,,,256,,,256.0
Jason Moore Jr.,WR,,,,,256,256.0
Bruce Anderson III,RB,,,,,257,257.0
Trey Burton,TE,,,,,258,258.0
Samaje Perine,RB,,,258,,,258.0
Trevon Wesco,TE,,,,,259,259.0
Danny Davis,WR,,,,,260,260.0
Kai Locksley,QB,,,,,261,261.0
Jake Burt,TE,,,,,262,262.0
Sam Darnold,QB,,,,,263,263.0
Brevin Jordan,TE,,,263,,,263.0
Teagan Quitoriano,TE,,,,,264,264.0
Cade York,K,,,264,,,264.0
Chicago Bears,DST,,,265,,,265.0
Josh Love,QB,,,,,265,265.0
Marquise Goodwin,WR,,,,,266,266.0
Keke Coutee,WR,,,,,267,267.0
Kyle Philips,WR,,,267,,,267.0
Kendrick Bourne,WR,,,268,,,268.0
Stephen Carr,RB,,,,,268,268.0
Damiere Byrd,WR,,,,,269,269.0
Curtis Samuel,WR,,,269,,,269.0
C.J. Ham,RB,,,,,270,270.0
Luis Perez,QB,,,,,271,271.0
Alex Smith,QB,,,,,272,272.0
Joe Flacco,QB,,,,,273,273.0
Jason Sanders,K,,,273,,,273.0
Derek Watt,RB,,,,,274,274.0
Zay Jones,WR,,,274,,,274.0
Chad Henne,QB,,,,,275,275.0
Malik Henry,WR,,,,,276,276.0
Zack Moss,RB,,,277,,,277.0
Quinn Nordin,K,,,,,277,277.0
Noah Brown,WR,,,,,278,278.0
Braxton Berrios,WR,,,279,,,279.0
Dorian Baker,WR,,,,,279,279.0
Taylor Heinicke,QB,,,,,280,280.0
Jaylen Warren,RB,,,280,,,280.0
Damien Williams,RB,,,281,,,281.0
Sewo Olonilua,RB,,,,,281,281.0
Kyren Williams,RB,,,282,,,282.0
