status	practice	listed	played	rate	low	high
Questionable	all	1137	935	0.8223	0.7990	0.8435
Questionable	Full	172	165	0.9593	0.9184	0.9801
Questionable	Limited	776	657	0.8466	0.8196	0.8703
Questionable	DNP	180	106	0.5889	0.5159	0.6582
Questionable	none	9	7	0.7778	0.4526	0.9368
Doubtful	all	91	2	0.0220	0.0060	0.0766
Doubtful	Full	7	0	0.0000	0.0000	0.3543
Doubtful	Limited	10	1	0.1000	0.0179	0.4042
Doubtful	DNP	74	1	0.0135	0.0024	0.0727
Out	all	406	1	0.0025	0.0004	0.0138
Out	Full	2	0	0.0000	0.0000	0.6576
Out	Limited	11	0	0.0000	0.0000	0.2588
Out	DNP	390	0	0.0000	0.0000	0.0098
Out	none	3	1	0.3333	0.0615	0.7923
not listed	all	3250	3184	0.9797	0.9742	0.9840
not listed	Full	2424	2401	0.9905	0.9858	0.9937
not listed	Limited	521	513	0.9846	0.9700	0.9922
not listed	DNP	303	269	0.8878	0.8473	0.9186
not listed	none	2	1	0.5000	0.0945	0.9055
