date,source,sleeper_id,league_points
2026-08-25,sleeper,SEA,103.0
2026-08-25,sleeper,4983,147.5
2026-08-25,sleeper,4984,415.5
2026-08-25,sleeper,11960,0.0
2026-08-25,sleeper,6770,372.1
2026-08-25,sleeper,6783,98.1
2026-08-25,sleeper,6786,222.5
2026-08-25,sleeper,6790,189.5
2026-08-25,sleeper,6794,205.4
2026-08-25,sleeper,6797,347.5
2026-08-25,sleeper,4137,51.7
2026-08-25,sleeper,4199,120.1
2026-08-25,sleeper,2449,125.3
2026-08-25,sleeper,6806,147.2
2026-08-25,sleeper,6801,186.9
2026-08-25,sleeper,6804,332.5
2026-08-25,sleeper,6819,136.4
2026-08-25,sleeper,6813,254.3
2026-08-25,sleeper,CHI,85.0
2026-08-25,sleeper,4217,138.3
2026-08-25,sleeper,12530,79.1
2026-08-25,sleeper,12535,73.1
2026-08-25,sleeper,12533,118.4
2026-08-25,sleeper,12534,143.1
2026-08-25,sleeper,LAC,86.0
2026-08-25,sleeper,LAR,106.0
2026-08-25,sleeper,12545,314.9
2026-08-25,sleeper,12517,173.4
2026-08-25,sleeper,12518,159.6
2026-08-25,sleeper,12519,173.0
2026-08-25,sleeper,12514,185.5
2026-08-25,sleeper,12512,180.0
2026-08-25,sleeper,12529,153.5
2026-08-25,sleeper,12526,184.5
2026-08-25,sleeper,12527,211.4
2026-08-25,sleeper,12522,265.8
2026-08-25,sleeper,12506,143.4
2026-08-25,sleeper,12507,218.9
2026-08-25,sleeper,12508,340.5
2026-08-25,sleeper,12509,93.4
2026-08-25,sleeper,12502,101.8
2026-08-25,sleeper,12501,141.1
2026-08-25,sleeper,9997,187.7
2026-08-25,sleeper,12490,158.8
2026-08-25,sleeper,12492,78.9
2026-08-25,sleeper,8676,115.6
2026-08-25,sleeper,12493,113.8
2026-08-25,sleeper,12474,74.3
2026-08-25,sleeper,12484,0.0
2026-08-25,sleeper,12481,180.2
2026-08-25,sleeper,12487,82.8
2026-08-25,sleeper,12489,125.6
2026-08-25,sleeper,12457,52.1
2026-08-25,sleeper,12469,77.2
2026-08-25,sleeper,12467,54.2
2026-08-25,sleeper,96,213.0
2026-08-25,sleeper,DAL,86.0
2026-08-25,sleeper,DEN,96.0
2026-08-25,sleeper,DET,92.0
2026-08-25,sleeper,6904,352.5
2026-08-25,sleeper,10859,158.5
2026-08-25,sleeper,GB,86.0
2026-08-25,sleeper,KC,87.0
2026-08-25,sleeper,421,344.2
2026-08-25,sleeper,NE,92.0
2026-08-25,sleeper,MIN,92.0
2026-08-25,sleeper,SF,84.0
2026-08-25,sleeper,9224,226.7
2026-08-25,sleeper,9221,299.9
2026-08-25,sleeper,9228,275.6
2026-08-25,sleeper,9225,61.2
2026-08-25,sleeper,9226,229.9
2026-08-25,sleeper,7523,355.4
2026-08-25,sleeper,3163,343.5
2026-08-25,sleeper,7525,189.2
2026-08-25,sleeper,7526,182.5
2026-08-25,sleeper,7543,189.7
2026-08-25,sleeper,7553,138.6
2026-08-25,sleeper,3198,238.4
2026-08-25,sleeper,7547,227.5
2026-08-25,sleeper,7564,256.6
2026-08-25,sleeper,7567,128.8
2026-08-25,sleeper,7569,220.0
2026-08-25,sleeper,7588,188.8
2026-08-25,sleeper,7594,136.9
2026-08-25,sleeper,1466,136.4
2026-08-25,sleeper,1479,84.8
2026-08-25,sleeper,5850,186.1
2026-08-25,sleeper,5849,316.7
2026-08-25,sleeper,5844,122.0
2026-08-25,sleeper,5846,152.3
2026-08-25,sleeper,5859,207.7
2026-08-25,sleeper,5870,261.5
2026-08-25,sleeper,5872,127.7
2026-08-25,sleeper,3214,124.5
2026-08-25,sleeper,5892,190.1
2026-08-25,sleeper,7600,102.9
2026-08-25,sleeper,11581,48.3
2026-08-25,sleeper,11584,179.3
2026-08-25,sleeper,11583,137.9
2026-08-25,sleeper,11586,127.8
2026-08-25,sleeper,7611,154.5
2026-08-25,sleeper,11560,355.3
2026-08-25,sleeper,11564,378.8
2026-08-25,sleeper,11563,347.7
2026-08-25,sleeper,10232,136.5
2026-08-25,sleeper,11566,350.7
2026-08-25,sleeper,10236,130.6
2026-08-25,sleeper,11575,60.6
2026-08-25,sleeper,11576,47.2
2026-08-25,sleeper,10219,125.0
2026-08-25,sleeper,10213,102.9
2026-08-25,sleeper,3294,365.9
2026-08-25,sleeper,10229,185.3
2026-08-25,sleeper,10222,162.6
2026-08-25,sleeper,5001,118.9
2026-08-25,sleeper,5012,132.5
2026-08-25,sleeper,5022,109.5
2026-08-25,sleeper,5045,144.8
2026-08-25,sleeper,8112,205.2
2026-08-25,sleeper,8110,124.8
2026-08-25,sleeper,8111,95.8
2026-08-25,sleeper,8121,132.7
2026-08-25,sleeper,8126,135.2
2026-08-25,sleeper,8134,135.2
2026-08-25,sleeper,8132,65.4
2026-08-25,sleeper,8138,245.3
2026-08-25,sleeper,8136,111.1
2026-08-25,sleeper,8137,205.7
2026-08-25,sleeper,8130,186.9
2026-08-25,sleeper,8131,126.3
2026-08-25,sleeper,8146,183.4
2026-08-25,sleeper,8144,194.9
2026-08-25,sleeper,8148,176.2
2026-08-25,sleeper,8142,150.9
2026-08-25,sleeper,9487,176.4
2026-08-25,sleeper,9488,235.1
2026-08-25,sleeper,8154,63.4
2026-08-25,sleeper,8155,192.5
2026-08-25,sleeper,9486,57.4
2026-08-25,sleeper,9480,129.5
2026-08-25,sleeper,9484,140.9
2026-08-25,sleeper,8150,192.0
2026-08-25,sleeper,8151,225.5
2026-08-25,sleeper,8167,176.1
2026-08-25,sleeper,8161,304.1
2026-08-25,sleeper,9493,259.0
2026-08-25,sleeper,13281,90.5
2026-08-25,sleeper,13286,160.5
2026-08-25,sleeper,13287,188.3
2026-08-25,sleeper,13285,75.0
2026-08-25,sleeper,8172,87.4
2026-08-25,sleeper,13288,57.7
2026-08-25,sleeper,13293,87.4
2026-08-25,sleeper,13294,138.5
2026-08-25,sleeper,13298,127.4
2026-08-25,sleeper,13296,77.8
2026-08-25,sleeper,8180,107.6
2026-08-25,sleeper,8183,363.2
2026-08-25,sleeper,13269,250.2
2026-08-25,sleeper,13276,104.6
2026-08-25,sleeper,13274,80.9
2026-08-25,sleeper,5927,176.8
2026-08-25,sleeper,13279,144.8
2026-08-25,sleeper,11625,80.8
2026-08-25,sleeper,11624,134.0
2026-08-25,sleeper,11628,155.2
2026-08-25,sleeper,11620,173.9
2026-08-25,sleeper,11635,187.7
2026-08-25,sleeper,11637,71.3
2026-08-25,sleeper,11632,186.3
2026-08-25,sleeper,11631,164.4
2026-08-25,sleeper,5947,137.3
2026-08-25,sleeper,11603,113.4
2026-08-25,sleeper,11604,202.5
2026-08-25,sleeper,11618,105.4
2026-08-25,sleeper,11610,107.3
2026-08-25,sleeper,5967,146.1
2026-08-25,sleeper,3321,77.2
2026-08-25,sleeper,5995,55.7
2026-08-25,sleeper,13405,41.9
2026-08-25,sleeper,13417,105.4
2026-08-25,sleeper,13413,77.5
2026-08-25,sleeper,13414,39.3
2026-08-25,sleeper,PHI,98.0
2026-08-25,sleeper,PIT,88.0
2026-08-25,sleeper,11647,53.0
2026-08-25,sleeper,11646,135.9
2026-08-25,sleeper,11643,41.1
2026-08-25,sleeper,11655,100.8
2026-08-25,sleeper,9502,43.4
2026-08-25,sleeper,9500,137.3
2026-08-25,sleeper,9511,87.9
2026-08-25,sleeper,9506,48.5
2026-08-25,sleeper,9504,104.7
2026-08-25,sleeper,9508,97.1
2026-08-25,sleeper,9509,292.9
2026-08-25,sleeper,13345,58.9
2026-08-25,sleeper,13346,108.2
2026-08-25,sleeper,13349,65.9
2026-08-25,sleeper,13347,22.8
2026-08-25,sleeper,8205,48.6
2026-08-25,sleeper,8210,113.6
2026-08-25,sleeper,13320,63.5
2026-08-25,sleeper,13330,80.2
2026-08-25,sleeper,13337,59.2
2026-08-25,sleeper,13301,61.2
2026-08-25,sleeper,8228,152.6
2026-08-25,sleeper,13305,89.5
2026-08-25,sleeper,13311,54.7
2026-08-25,sleeper,13317,79.9
2026-08-25,sleeper,HOU,104.0
2026-08-25,sleeper,2133,161.0
2026-08-25,sleeper,11783,97.7
2026-08-25,sleeper,7002,112.9
2026-08-25,sleeper,7021,142.1
2026-08-25,sleeper,7049,86.2
2026-08-25,sleeper,4866,228.2
2026-08-25,sleeper,4881,380.0
2026-08-25,sleeper,2216,187.2
2026-08-25,sleeper,4892,326.9
2026-08-25,sleeper,4033,46.5
2026-08-25,sleeper,4034,256.0
2026-08-25,sleeper,4035,53.0
2026-08-25,sleeper,4046,344.7
2026-08-25,sleeper,4037,139.6
2026-08-25,sleeper,4039,70.4
2026-08-25,sleeper,JAX,91.0
2026-08-25,sleeper,8408,143.7
2026-08-25,sleeper,9756,141.7
2026-08-25,sleeper,9753,61.7
2026-08-25,sleeper,9754,134.9
2026-08-25,sleeper,9758,291.8
2026-08-25,sleeper,4943,314.7
2026-08-25,sleeper,BAL,95.0
2026-08-25,borischen,SEA,103.0
2026-08-25,borischen,4983,174.9
2026-08-25,borischen,4984,391.4
2026-08-25,borischen,11960,0.0
2026-08-25,borischen,6770,367.1
2026-08-25,borischen,6783,98.1
2026-08-25,borischen,6786,236.8
2026-08-25,borischen,6790,182.8
2026-08-25,borischen,6794,236.8
2026-08-25,borischen,6797,353.5
2026-08-25,borischen,4137,51.7
2026-08-25,borischen,4199,120.1
2026-08-25,borischen,2449,136.4
2026-08-25,borischen,6806,144.3
2026-08-25,borischen,6801,185.6
2026-08-25,borischen,6804,318.3
2026-08-25,borischen,6819,141.1
2026-08-25,borischen,6813,269.7
2026-08-25,borischen,CHI,85.0
2026-08-25,borischen,4217,135.7
2026-08-25,borischen,12530,79.1
2026-08-25,borischen,12535,73.1
2026-08-25,borischen,12533,130.5
2026-08-25,borischen,12534,130.5
2026-08-25,borischen,LAC,86.0
2026-08-25,borischen,LAR,106.0
2026-08-25,borischen,12545,318.3
2026-08-25,borischen,12517,180.6
2026-08-25,borischen,12518,180.6
2026-08-25,borischen,12519,174.9
2026-08-25,borischen,12514,185.6
2026-08-25,borischen,12512,182.8
2026-08-25,borischen,12529,157.9
2026-08-25,borischen,12526,185.6
2026-08-25,borischen,12527,211.4
2026-08-25,borischen,12522,280.8
2026-08-25,borischen,12506,145.4
2026-08-25,borischen,12507,227.9
2026-08-25,borischen,12508,345.5
2026-08-25,borischen,12509,93.4
2026-08-25,borischen,12502,108.1
2026-08-25,borischen,12501,124.9
2026-08-25,borischen,9997,185.6
2026-08-25,borischen,12490,157.9
2026-08-25,borischen,12492,78.9
2026-08-25,borischen,8676,124.9
2026-08-25,borischen,12493,108.1
2026-08-25,borischen,12474,74.3
2026-08-25,borischen,12484,0.0
2026-08-25,borischen,12481,182.8
2026-08-25,borischen,12487,108.1
2026-08-25,borischen,12489,130.5
2026-08-25,borischen,12457,52.1
2026-08-25,borischen,12469,77.2
2026-08-25,borischen,12467,54.2
2026-08-25,borischen,96,213.0
2026-08-25,borischen,DAL,86.0
2026-08-25,borischen,DEN,96.0
2026-08-25,borischen,DET,92.0
2026-08-25,borischen,6904,367.1
2026-08-25,borischen,10859,145.4
2026-08-25,borischen,GB,86.0
2026-08-25,borischen,KC,87.0
2026-08-25,borischen,421,345.5
2026-08-25,borischen,NE,92.0
2026-08-25,borischen,MIN,92.0
2026-08-25,borischen,SF,84.0
2026-08-25,borischen,9224,227.9
2026-08-25,borischen,9221,269.7
2026-08-25,borischen,9228,280.8
2026-08-25,borischen,9225,61.2
2026-08-25,borischen,9226,227.9
2026-08-25,borischen,7523,353.5
2026-08-25,borischen,3163,336.5
2026-08-25,borischen,7525,197.9
2026-08-25,borischen,7526,185.6
2026-08-25,borischen,7543,190.4
2026-08-25,borischen,7553,145.4
2026-08-25,borischen,3198,227.9
2026-08-25,borischen,7547,236.8
2026-08-25,borischen,7564,236.8
2026-08-25,borischen,7567,130.5
2026-08-25,borischen,7569,197.9
2026-08-25,borischen,7588,190.4
2026-08-25,borischen,7594,130.5
2026-08-25,borischen,1466,135.7
2026-08-25,borischen,1479,84.8
2026-08-25,borischen,5850,190.4
2026-08-25,borischen,5849,336.5
2026-08-25,borischen,5844,108.1
2026-08-25,borischen,5846,153.5
2026-08-25,borischen,5859,197.9
2026-08-25,borischen,5870,280.8
2026-08-25,borischen,5872,124.9
2026-08-25,borischen,3214,117.1
2026-08-25,borischen,5892,182.8
2026-08-25,borischen,7600,102.9
2026-08-25,borischen,11581,48.3
2026-08-25,borischen,11584,182.8
2026-08-25,borischen,11583,144.3
2026-08-25,borischen,11586,130.5
2026-08-25,borischen,7611,151.1
2026-08-25,borischen,11560,353.5
2026-08-25,borischen,11564,391.4
2026-08-25,borischen,11563,345.5
2026-08-25,borischen,10232,141.1
2026-08-25,borischen,11566,367.1
2026-08-25,borischen,10236,135.7
2026-08-25,borischen,11575,60.6
2026-08-25,borischen,11576,47.2
2026-08-25,borischen,10219,125.0
2026-08-25,borischen,10213,106.0
2026-08-25,borischen,3294,353.5
2026-08-25,borischen,10229,197.9
2026-08-25,borischen,10222,136.4
2026-08-25,borischen,5001,117.1
2026-08-25,borischen,5012,127.1
2026-08-25,borischen,5022,127.1
2026-08-25,borischen,5045,153.5
2026-08-25,borischen,8112,197.9
2026-08-25,borischen,8110,127.1
2026-08-25,borischen,8111,95.8
2026-08-25,borischen,8121,124.9
2026-08-25,borischen,8126,136.4
2026-08-25,borischen,8134,124.9
2026-08-25,borischen,8132,65.4
2026-08-25,borischen,8138,269.7
2026-08-25,borischen,8136,130.5
2026-08-25,borischen,8137,197.9
2026-08-25,borischen,8130,180.6
2026-08-25,borischen,8131,127.1
2026-08-25,borischen,8146,185.6
2026-08-25,borischen,8144,197.9
2026-08-25,borischen,8148,174.9
2026-08-25,borischen,8142,141.1
2026-08-25,borischen,9487,153.5
2026-08-25,borischen,9488,236.8
2026-08-25,borischen,8154,63.4
2026-08-25,borischen,8155,190.4
2026-08-25,borischen,9486,57.4
2026-08-25,borischen,9480,117.1
2026-08-25,borischen,9484,145.4
2026-08-25,borischen,8150,190.4
2026-08-25,borischen,8151,227.9
2026-08-25,borischen,8167,174.9
2026-08-25,borischen,8161,318.3
2026-08-25,borischen,9493,236.8
2026-08-25,borischen,13281,124.9
2026-08-25,borischen,13286,157.9
2026-08-25,borischen,13287,190.4
2026-08-25,borischen,13285,75.0
2026-08-25,borischen,8172,87.4
2026-08-25,borischen,13288,57.7
2026-08-25,borischen,13293,87.4
2026-08-25,borischen,13294,136.4
2026-08-25,borischen,13298,124.9
2026-08-25,borischen,13296,77.8
2026-08-25,borischen,8180,107.6
2026-08-25,borischen,8183,345.5
2026-08-25,borischen,13269,250.2
2026-08-25,borischen,13276,104.6
2026-08-25,borischen,13274,80.9
2026-08-25,borischen,5927,174.9
2026-08-25,borischen,13279,153.5
2026-08-25,borischen,11625,106.0
2026-08-25,borischen,11624,124.9
2026-08-25,borischen,11628,153.5
2026-08-25,borischen,11620,174.9
2026-08-25,borischen,11635,185.6
2026-08-25,borischen,11637,71.3
2026-08-25,borischen,11632,197.9
2026-08-25,borischen,11631,153.5
2026-08-25,borischen,5947,136.4
2026-08-25,borischen,11603,108.1
2026-08-25,borischen,11604,180.6
2026-08-25,borischen,11618,105.4
2026-08-25,borischen,11610,107.3
2026-08-25,borischen,5967,151.1
2026-08-25,borischen,3321,77.2
2026-08-25,borischen,5995,55.7
2026-08-25,borischen,13405,41.9
2026-08-25,borischen,13417,124.9
2026-08-25,borischen,13413,77.5
2026-08-25,borischen,13414,39.3
2026-08-25,borischen,PHI,98.0
2026-08-25,borischen,PIT,88.0
2026-08-25,borischen,11647,53.0
2026-08-25,borischen,11646,124.9
2026-08-25,borischen,11643,41.1
2026-08-25,borischen,11655,100.8
2026-08-25,borischen,9502,43.4
2026-08-25,borischen,9500,141.1
2026-08-25,borischen,9511,87.9
2026-08-25,borischen,9506,48.5
2026-08-25,borischen,9504,104.7
2026-08-25,borischen,9508,97.1
2026-08-25,borischen,9509,269.7
2026-08-25,borischen,13345,58.9
2026-08-25,borischen,13346,106.0
2026-08-25,borischen,13349,65.9
2026-08-25,borischen,13347,22.8
2026-08-25,borischen,8205,48.6
2026-08-25,borischen,8210,117.1
2026-08-25,borischen,13320,63.5
2026-08-25,borischen,13330,80.2
2026-08-25,borischen,13337,59.2
2026-08-25,borischen,13301,61.2
2026-08-25,borischen,8228,151.1
2026-08-25,borischen,13305,89.5
2026-08-25,borischen,13311,54.7
2026-08-25,borischen,13317,79.9
2026-08-25,borischen,HOU,104.0
2026-08-25,borischen,2133,174.9
2026-08-25,borischen,11783,97.7
2026-08-25,borischen,7002,127.1
2026-08-25,borischen,7021,144.3
2026-08-25,borischen,7049,86.2
2026-08-25,borischen,4866,227.9
2026-08-25,borischen,4881,391.4
2026-08-25,borischen,2216,174.9
2026-08-25,borischen,4892,318.3
2026-08-25,borischen,4033,46.5
2026-08-25,borischen,4034,269.7
2026-08-25,borischen,4035,53.0
2026-08-25,borischen,4046,345.5
2026-08-25,borischen,4037,153.5
2026-08-25,borischen,4039,70.4
2026-08-25,borischen,JAX,91.0
2026-08-25,borischen,8408,130.5
2026-08-25,borischen,9756,136.4
2026-08-25,borischen,9753,61.7
2026-08-25,borischen,9754,141.1
2026-08-25,borischen,9758,280.8
2026-08-25,borischen,4943,280.8
2026-08-25,borischen,BAL,95.0
