name,team,position,consensus_adp,fp_ecr,sleeper_rank,landmine
Jahmyr Gibbs,DET,RB,1.0,1.0,1.0,5.5
Bijan Robinson,ATL,RB,2.0,2.0,2.0,5.5
Ja'Marr Chase,CIN,WR,3.0,3.0,3.0,5.5
Puka Nacua,LAR,WR,4.0,4.0,4.0,5.5
Christian McCaffrey,SF,RB,5.0,7.0,5.0,5.5
Jonathan Taylor,IND,RB,7.0,8.0,6.0,5.6
Amon-Ra St. Brown,DET,WR,8.0,6.0,7.0,5.5
Jaxon Smith-Njigba,SEA,WR,6.0,5.0,7.0,5.4
James Cook,BUF,RB,9.0,10.0,9.0,5.5
CeeDee Lamb,DAL,WR,10.0,9.0,10.0,5.5
Saquon Barkley,PHI,RB,12.0,14.0,11.0,5.6
Justin Jefferson,MIN,WR,11.0,11.0,12.0,5.5
Ashton Jeanty,LV,RB,14.0,22.0,13.0,5.9
De'Von Achane,MIA,RB,13.0,16.0,14.0,5.5
Derrick Henry,BAL,RB,21.0,20.0,15.0,5.9
Omarion Hampton,LAC,RB,17.0,19.0,16.0,5.6
Chase Brown,CIN,RB,16.0,12.0,17.0,5.3
Kenneth Walker,KC,RB,18.0,21.0,18.0,5.6
A.J. Brown,NE,WR,22.0,15.0,19.0,5.5
Drake London,ATL,WR,19.0,13.0,20.0,5.3
Josh Allen,BUF,QB,15.0,26.0,21.0,5.5
Brock Bowers,LV,TE,20.0,18.0,22.0,5.4
Nico Collins,HOU,WR,24.0,17.0,23.0,5.4
Trey McBride,ARI,TE,23.0,25.0,24.0,5.5
George Pickens,DAL,WR,25.0,23.0,25.0,5.5
Kyren Williams,LAR,RB,31.0,31.0,26.0,5.8
Jeremiyah Love,ARI,RB,30.0,43.0,27.0,6.1
Josh Jacobs,GB,RB,32.0,40.0,28.0,5.9
Rashee Rice,KC,WR,29.0,29.0,29.0,5.5
Malik Nabers,NYG,WR,28.0,27.0,30.0,5.4
Chris Olave,NO,WR,27.0,24.0,31.0,5.1
Breece Hall,NYJ,RB,34.0,34.0,32.0,5.6
Javonte Williams,DAL,RB,35.0,33.0,33.0,5.6
DeVonta Smith,PHI,WR,33.0,28.0,34.0,5.3
Lamar Jackson,BAL,QB,26.0,36.0,35.0,5.4
Tetairoa McMillan,CAR,WR,39.0,35.0,36.0,5.6
Cam Skattebo,NYG,RB,44.0,53.0,37.0,6.2
Tee Higgins,CIN,WR,37.0,32.0,38.0,5.3
Emeka Egbuka,TB,WR,43.0,42.0,39.0,5.8
Ladd McConkey,LAC,WR,42.0,39.0,40.0,5.5
Travis Etienne,NO,RB,47.0,45.0,41.0,5.8
Zay Flowers,BAL,WR,38.0,30.0,42.0,4.9
Colston Loveland,CHI,TE,40.0,41.0,43.0,5.4
Garrett Wilson,NYJ,WR,45.0,37.0,44.0,5.3
Bucky Irving,TB,RB,50.0,54.0,45.0,5.9
David Montgomery,HOU,RB,53.0,56.0,46.0,6.1
Quinshon Judkins,CLE,RB,54.0,55.0,47.0,5.9
Jaylen Waddle,DEN,WR,46.0,38.0,47.0,5.2
D'Andre Swift,CHI,RB,52.0,47.0,49.0,5.5
TreVeyon Henderson,NE,RB,59.0,65.0,50.0,6.3
Tyler Warren,IND,TE,49.0,51.0,51.0,5.5
Drake Maye,NE,QB,36.0,44.0,52.0,5.1
Terry McLaurin,WAS,WR,56.0,46.0,53.0,5.4
Joe Burrow,CIN,QB,41.0,49.0,54.0,5.2
Davante Adams,LAR,WR,55.0,48.0,55.0,5.3
DJ Moore,BUF,WR,60.0,57.0,56.0,5.7
Jameson Williams,DET,WR,61.0,52.0,57.0,5.5
Luther Burden,CHI,WR,57.0,50.0,58.0,5.2
Jadarian Price,SEA,RB,67.0,64.0,59.0,5.8
Bhayshul Tuten,JAC,RB,63.0,63.0,60.0,5.7
Mike Evans,SF,WR,64.0,60.0,61.0,5.6
Jalen Hurts,PHI,QB,51.0,62.0,62.0,5.2
Rome Odunze,CHI,WR,65.0,61.0,63.0,5.5
Sam LaPorta,DET,TE,70.0,81.0,64.0,6.4
Jayden Daniels,WAS,QB,48.0,59.0,65.0,4.8
Tucker Kraft,GB,TE,69.0,68.0,66.0,5.7
Carnell Tate,TEN,WR,71.0,72.0,67.0,5.8
Christian Watson,GB,WR,66.0,58.0,68.0,5.1
Jaylen Warren,PIT,RB,74.0,73.0,69.0,5.7
Kyle Pitts,ATL,TE,75.0,83.0,70.0,6.1
Parker Washington,JAC,WR,76.0,66.0,71.0,5.5
Brian Thomas,JAC,WR,79.0,76.0,72.0,5.9
Marvin Harrison,ARI,WR,77.0,69.0,73.0,5.5
Harold Fannin,CLE,TE,72.0,79.0,74.0,5.6
Caleb Williams,CHI,QB,58.0,67.0,75.0,5.0
Rhamondre Stevenson,NE,RB,78.0,70.0,76.0,5.4
Chuba Hubbard,CAR,RB,85.0,90.0,77.0,6.3
DK Metcalf,PIT,WR,81.0,75.0,78.0,5.5
Justin Herbert,LAC,QB,62.0,71.0,79.0,5.0
Tony Pollard,TEN,RB,82.0,77.0,80.0,5.5
RJ Harvey,DEN,RB,90.0,101.0,81.0,6.6
Courtland Sutton,DEN,WR,86.0,85.0,82.0,5.7
Rico Dowdle,PIT,RB,83.0,80.0,83.0,5.4
Dak Prescott,DAL,QB,68.0,78.0,84.0,5.0
J.K. Dobbins,DEN,RB,92.0,86.0,85.0,5.7
Makai Lemon,PHI,WR,101.0,113.0,86.0,7.1
George Kittle,SF,TE,89.0,93.0,87.0,5.7
Jonathon Brooks,CAR,RB,95.0,84.0,88.0,5.6
Michael Wilson,ARI,WR,93.0,89.0,89.0,5.6
Kyle Monangai,CHI,RB,100.0,109.0,90.0,6.6
Jordyn Tyson,NO,WR,102.0,133.0,91.0,7.5
Dalton Kincaid,BUF,TE,97.0,112.0,92.0,6.3
Blake Corum,LAR,RB,98.0,91.0,93.0,5.6
Chris Godwin,TB,WR,94.0,82.0,94.0,5.1
Travis Kelce,KC,TE,96.0,105.0,95.0,5.8
Alec Pierce,IND,WR,99.0,94.0,96.0,5.5
Trevor Lawrence,JAC,QB,73.0,74.0,97.0,4.3
Jacory Croskey-Merritt,WAS,RB,107.0,97.0,98.0,5.8
Jordan Mason,MIN,RB,110.0,103.0,99.0,5.9
Jordan Addison,MIN,WR,108.0,104.0,100.0,6.0
Jayden Reed,GB,WR,109.0,107.0,101.0,6.0
Jaxson Dart,NYG,QB,80.0,96.0,102.0,4.8
Michael Pittman,PIT,WR,105.0,87.0,103.0,5.0
Quentin Johnston,LAC,WR,104.0,88.0,104.0,4.9
Matthew Stafford,LAR,QB,91.0,108.0,105.0,5.1
Josh Downs,IND,WR,106.0,95.0,106.0,5.1
Jake Ferguson,DAL,TE,112.0,130.0,107.0,6.6
Kenny Gainwell,TB,RB,114.0,106.0,108.0,5.6
Aaron Jones,MIN,RB,120.0,115.0,109.0,5.9
Patrick Mahomes,KC,QB,84.0,102.0,110.0,4.9
Isaiah Likely,NYG,TE,115.0,117.0,111.0,5.7
KC Concepcion,CLE,WR,124.0,132.0,112.0,6.7
Stefon Diggs,WAS,WR,111.0,100.0,113.0,4.9
Wan'Dale Robinson,TEN,WR,118.0,98.0,114.0,5.1
Bo Nix,DEN,QB,87.0,99.0,115.0,4.1
Jakobi Meyers,JAC,WR,121.0,111.0,116.0,5.5
Rachaad White,WAS,RB,123.0,114.0,117.0,5.6
Brock Purdy,SF,QB,88.0,92.0,118.0,3.4
Mark Andrews,BAL,TE,119.0,122.0,119.0,5.6
Matthew Golden,GB,WR,126.0,127.0,120.0,5.9
Dallas Goedert,PHI,TE,116.0,116.0,121.0,5.1
De'Zhaun Stribling,SF,WR,125.0,144.0,122.0,6.4
Romeo Doubs,NE,WR,128.0,124.0,123.0,5.7
Xavier Worthy,KC,WR,127.0,123.0,124.0,5.6
Chris Rodriguez,JAC,RB,132.0,121.0,125.0,5.6
Deebo Samuel,SF,WR,133.0,135.0,126.0,5.9
Tyler Allgeier,ARI,RB,131.0,128.0,127.0,5.6
Zach Charbonnet,SEA,RB,137.0,143.0,128.0,6.4
Tyrone Tracy,NYG,RB,141.0,150.0,129.0,6.7
Jared Goff,DET,QB,103.0,110.0,130.0,4.6
Woody Marks,HOU,RB,136.0,129.0,131.0,5.6
Jonah Coleman,DEN,RB,144.0,141.0,132.0,6.0
Khalil Shakir,BUF,WR,134.0,131.0,133.0,5.5
Jalen Coker,CAR,WR,135.0,126.0,134.0,5.2
Oronde Gadsden,LAC,TE,145.0,179.0,135.0,7.5
Kyler Murray,MIN,QB,113.0,119.0,136.0,4.5
Hunter Henry,NE,TE,139.0,142.0,137.0,5.7
Rashid Shaheed,SEA,WR,142.0,145.0,138.0,5.7
Baker Mayfield,TB,QB,117.0,118.0,139.0,4.4
Alvin Kamara,NO,RB,147.0,151.0,140.0,6.2
Brenton Strange,JAC,TE,140.0,154.0,141.0,5.8
Denzel Boston,CLE,WR,148.0,159.0,142.0,6.1
Mike Washington,LV,RB,153.0,164.0,143.0,6.7
Ja'Kobi Lane,BAL,WR,166.0,224.0,144.0,9.3
Keaton Mitchell,LAC,RB,154.0,138.0,145.0,5.6
Jalen Nailor,LV,WR,162.0,175.0,146.0,7.2
Tank Bigsby,PHI,RB,157.0,139.0,147.0,5.6
Jordan Love,GB,QB,122.0,120.0,148.0,4.5
Sam Darnold,SEA,QB,129.0,140.0,149.0,4.6
Tyjae Spears,TEN,RB,150.0,134.0,150.0,4.9
Isiah Pacheco,DET,RB,156.0,149.0,151.0,5.6
Brian Robinson,ATL,RB,149.0,157.0,152.0,5.6
Kenyon Sadiq,NYJ,TE,160.0,185.0,153.0,7.0
Travis Hunter,JAC,WR,173.0,189.0,154.0,7.5
Omar Cooper,NYJ,WR,179.0,178.0,155.0,7.3
MarShawn Lloyd,GB,RB,167.0,156.0,156.0,5.8
Malik Washington,MIA,WR,186.0,180.0,157.0,7.5
Tank Dell,HOU,WR,200.0,188.0,158.0,8.2
T.J. Hockenson,MIN,TE,161.0,173.0,159.0,6.1
Juwan Johnson,NO,TE,146.0,137.0,160.0,4.1
Fernando Mendoza,LV,QB,163.0,211.0,161.0,7.5
Tyler Shough,NO,QB,130.0,125.0,162.0,2.9
Tre Tucker,LV,WR,171.0,161.0,163.0,5.7
Dylan Sampson,CLE,RB,170.0,147.0,164.0,5.1
Braelon Allen,NYJ,RB,177.0,160.0,165.0,5.7
AJ Barner,SEA,TE,169.0,169.0,166.0,5.7
Malik Willis,MIA,QB,138.0,136.0,167.0,3.3
Chig Okonkwo,WAS,TE,155.0,148.0,168.0,4.3
Nicholas Singleton,TEN,RB,197.0,187.0,170.0,7.2
Jalen McMillan,TB,WR,168.0,166.0,171.0,5.2
Jauan Jennings,MIN,WR,164.0,162.0,172.0,4.8
Emmett Johnson,KC,RB,175.0,174.0,173.0,5.6
Keenan Allen,IND,WR,174.0,181.0,174.0,5.7
Cooper Kupp,SEA,WR,185.0,202.0,176.0,6.8
Dontayvion Wicks,PHI,WR,182.0,168.0,177.0,5.4
Terrance Ferguson,LAR,TE,178.0,171.0,178.0,5.3
C.J. Stroud,HOU,QB,143.0,146.0,179.0,3.3
Pat Bryant,DEN,WR,189.0,176.0,180.0,5.6
Dalton Schultz,HOU,TE,158.0,152.0,181.0,3.6
Ray Davis,BUF,RB,190.0,165.0,182.0,5.3
Daniel Jones,IND,QB,151.0,155.0,183.0,4.0
Jaydon Blue,DAL,RB,184.0,192.0,184.0,5.7
Jerry Jeudy,CLE,WR,181.0,163.0,185.0,4.5
Zachariah Branch,ATL,WR,204.0,209.0,186.0,7.0
Cam Ward,TEN,QB,152.0,153.0,187.0,2.9
Isaac TeSlaa,DET,WR,183.0,199.0,188.0,5.6
Tre' Harris,LAC,WR,195.0,167.0,189.0,4.9
James Conner,ARI,RB,176.0,203.0,191.0,5.4
Malachi Fields,NYG,WR,212.0,215.0,192.0,7.1
Justice Hill,BAL,RB,223.0,214.0,193.0,7.4
Jordan James,SF,RB,243.0,221.0,194.0,8.4
David Njoku,LAC,TE,194.0,210.0,195.0,6.0
Adonai Mitchell,NYJ,WR,180.0,158.0,196.0,3.5
Kayshon Boutte,HOU,WR,198.0,172.0,197.0,4.6
Bryce Young,CAR,QB,159.0,170.0,198.0,3.4
Pat Freiermuth,PIT,TE,193.0,193.0,199.0,5.2
Kaytron Allen,WAS,RB,208.0,198.0,200.0,5.7
Aaron Rodgers,PIT,QB,172.0,195.0,201.0,4.6
Kimani Vidal,LAC,RB,209.0,182.0,204.0,4.9
Gunnar Helm,TEN,TE,206.0,190.0,205.0,5.1
